x0,x1,x2,x3,x4,x5,x6,x7,x8,x9,x10,x11,x12,x13,x14,x15,x16,x17,x18,x19,x20,x21,x22,x23,x24,x25,x26,x27,x28,x29,y0,y1
0.2532345492275798,0.2845286685227678,0.996517773360985,0.3217170419190939,0.7291846021734146,0.2048197948916166,0.12286894638258483,0.2735536343868643,0.6762570463598205,0.5877705961581868,0.7158032597684918,0.5707634888403934,0.09545451878435696,0.6378284548240437,0.9342269766314779,0.423815063223105,0.0495583862316018,0.7923009776115695,0.42608588046289786,0.8148846447765613,0.008237531165774636,0.5333165236109046,0.3769366911942664,0.0199346513855736,0.9643088783016928,0.031110431911674175,0.3232318232263979,0.7443499895497355,0.4646136736473443,0.7662059210421474,0.2532345492275798,4.151064318384867
0.5090439863244077,0.29037810706711853,0.18817737484982577,0.6727474968258017,0.11775301653546444,0.25203501852552057,0.18468589286115578,0.5866742197468511,0.07995261000757614,0.5176247967269461,0.28067758570647927,0.09943239643678059,0.9605736240715536,0.5660731981500826,0.6329345644224549,0.06334722627152123,0.6634221437126812,0.9975754293138667,0.410847834738318,0.8878226092416962,0.06547890655540334,0.26790601973907313,0.8589984221088366,0.9855582621009256,0.9782123689659776,0.22083521189842303,0.4990393138626994,0.7245905378042129,0.745143021604754,0.4739430150307642,0.5090439863244077,3.766912295674945
0.007527285416048746,0.7283721047971448,0.8556790755759532,0.06081659263654415,0.29813251055258383,0.3411126965740954,0.5389675869352483,0.5616575108214515,0.4809435727953405,0.27600144515992786,0.10573026145165432,0.32041094799680647,0.9501758748726488,0.761282820476754,0.8789199929054823,0.6692540914861265,0.5267052874861868,0.2846569440301444,0.25039822109998955,0.01424281186061005,0.6150044508296103,0.9520424535052929,0.7265983320874883,0.37918050546034665,0.11905048241835725,0.4939714304952698,0.3573551412354391,0.3035007335439066,0.44547405056110645,0.3831421359223849,0.007527285416048746,5.046438727608248
0.5081426550282402,0.7316855709463966,0.7659920182960543,0.5090692799285083,0.8342586717058877,0.32384208174319606,0.5303420778953769,0.9508902488901589,0.9801313045841352,0.3113446564198188,0.33785560900611167,0.37587778334913513,0.375453355181786,0.11413387169213518,0.4146033465704999,0.678111556757745,0.23772442861639964,0.4428275154475373,0.18519993446807126,0.3671636785679615,0.44288961184292974,0.4689382841448779,0.7647685245492258,0.37596723275639776,0.5347389090156629,0.18473129775260944,0.5543179885490601,0.02102294319588016,0.24728101656826695,0.1887637004872038,0.5081426550282402,3.5003238754918535
0.13285591929020912,0.9901210710013536,0.48595844713626013,0.5655070197451484,0.044734125685464976,0.633837404116566,0.4478765526414136,0.6333154507768235,0.5421126864002583,0.4962953852319244,0.523981889282687,0.8631440819475426,0.8407227474370028,0.995368031029302,0.6520320597943928,0.3649074110015835,0.28054451096000177,0.805007084917566,0.39025573855485995,0.4399039120623597,0.6926554963660093,0.3202668245986704,0.47319867820421857,0.10125424625636248,0.5140330233624159,0.912407809296562,0.6107617979246834,0.36908595604651306,0.9352805678359861,0.8582422686528067,0.13285591929020912,5.300257174086957
0.45470011603193816,0.18756841396733426,0.5741554955610079,0.1288306478571658,0.8774289717282284,0.4886212376194595,0.21825643487852497,0.7776525204983183,0.8301742699141178,0.0372852470089553,0.9160690455947157,0.871819019852322,0.02149663207507624,0.8114300007309404,0.40731998530146785,0.76906090912971,0.41522725110029823,0.3560181172666833,0.43904284248336567,0.230722592138201,0.6866537531544741,0.6607694248048929,0.12018083189115747,0.3535737176243873,0.2794488417318953,0.6486037206543795,0.3231067967595038,0.26705989450065404,0.8053368570533985,0.46050604780378046,0.45470011603193816,3.776191583784703
0.6222265217816791,0.8765219405910746,0.09821568854140716,0.15170209900196474,0.8744828627995636,0.5212286091343694,0.7814107399475603,0.24233187382669785,0.4927995921194226,0.3089619304689588,0.18611419834229814,0.0015605739532368323,0.6638905783274762,0.03149521241476527,0.9707158688221811,0.06490603012695828,0.3925720565116525,0.058281184751950654,0.3145523774939185,0.33351760903608085,0.6696522272891283,0.8668172862801017,0.2656141534516431,0.07224750448374584,0.045350516407828834,0.5378360840455415,0.9141211111285219,0.3541278556045442,0.5109820194418236,0.9352104957191505,0.6222265217816791,3.1463776690401226
0.4374691852111945,0.2768136890585694,0.7593799500589906,0.7834855590626235,0.4666947471676195,0.7342877073656932,0.2657874651210479,0.5313250806752376,0.039846098728349655,0.328567478768497,0.055255840207973694,0.08906865094204586,0.6993950105257957,0.8274340652637256,0.61340829954708,0.6324306559764475,0.36589947015931923,0.3519057800840454,0.8298033990225815,0.293481857845612,0.06674080888313338,0.9398316951785134,0.9401035941917014,0.4010436278934719,0.4289461981709638,0.5000641677458815,0.6643790047987197,0.027674644411631033,0.5998865620806645,0.8233199576889753,0.4374691852111945,3.9052122251287997
0.27992773826969397,0.049091740432749,0.4084393143852316,0.8310132648894755,0.4170677863855863,0.19355477365012153,0.254600174165975,0.010022140056927809,0.2269082207593267,0.4444391308886845,0.5068341018579696,0.2664254419335086,0.11578840832823323,0.6237152084386275,0.15832629658507136,0.5364765494965764,0.5576463198739873,0.3188311290477098,0.759114643896141,0.3657666517745817,0.3393821938312901,0.4191788722850507,0.5775944579224422,0.7622239209386922,0.6466900567112989,0.22319485280070006,0.004459484777997513,0.6965193282082728,0.1745517370679711,0.2588468107400359,0.27992773826969397,3.342053609808395
0.32572981749702334,0.0909691700930868,0.7186617774483118,0.8815812587236658,0.21450920069087698,0.04197400682478458,0.6825311572323515,0.033985726131754435,0.9902236101669734,0.04050383388565104,0.3520689932864385,0.15796234047245894,0.9810510024773487,0.8175800012624235,0.7049368122016849,0.44458184213305285,0.5305407511672469,0.5616094369943337,0.9813284218939671,0.559534896790929,0.6102020909237407,0.3204152757400568,0.8536992880373298,0.2167998284421131,0.02441862263853778,0.5630454642373838,0.47110482774638474,0.5773499697003531,0.36400960063242016,0.4600032258003275,0.32572981749702334,4.092646215697524
0.7951560495555258,0.3441664991982889,0.12042921683083396,0.5596952184084026,0.8834667929544445,0.24402073065812202,0.9951285895888596,0.32437669280382797,0.5753090051497036,0.7196695143551451,0.5589973125015064,0.980932540556906,0.5734308280763329,0.8683211379124737,0.02898692147331594,0.2744167269710387,0.15962420222495077,0.6655161502251807,0.13108849028482872,0.580382838835128,0.38759816434836336,0.06348136296478579,0.10571626792031996,0.567737220588972,0.38570122144362107,0.7949195213557056,0.6064492732197508,0.6861663646097458,0.32815755680538794,0.20609011057374516,0.7951560495555258,3.213206181708277
0.9246133600228587,0.9552513260954759,0.13975222712128244,0.7060807366852471,0.2771909227706004,0.7038348842757411,0.4189643401825157,0.1065626849863035,0.5179260175943065,0.06367527416147023,0.561380222920001,0.22021895794685542,0.6134651165021582,0.7433323386869954,0.8732887355731666,0.20752701692060826,0.9500492240260742,0.8849589827987476,0.6380160033362889,0.4857605193323067,0.9312219864452834,0.7338537946786207,0.43405403581199375,0.9712609953964643,0.8027228553672139,0.3409416525598896,0.4529855372535838,0.08604202996696242,0.4677675748248691,0.9785478204973861,0.9246133600228587,3.6834597041231425
0.4844857318935689,0.8654203204518608,0.9805151152767496,0.578700624375126,0.9646555816306753,0.0738990502720055,0.6861311212789231,0.261412725196582,0.04964678499524189,0.15020230309700688,0.5340433705106429,0.7782506576215574,0.8158789857422664,0.3946142687280799,0.5965681204571143,0.2807405039136447,0.7270060861169789,0.6658820262734967,0.24309184683308804,0.11790245679127065,0.35538168547154425,0.9327370644985657,0.11795414557346784,0.5308472139175626,0.8320218169476774,0.38665371976701934,0.2857047378415214,0.15060292636717476,0.5763993371679006,0.408026576680629,0.4844857318935689,3.825583461466935
0.1927830958993828,0.5933447810924306,0.48661530672738873,0.3840105305007948,0.6442832344198046,0.7459721295902211,0.2000477576430406,0.9832305102201638,0.15568112478957175,0.8467330475914511,0.06084491207736531,0.3537411536955395,0.8947729507097235,0.43295728325905036,0.3461633871882136,0.3443835698276533,0.592784209939909,0.3768106758863362,0.47844029546909794,0.3885068446571366,0.7489332161743065,0.8533010448778929,0.2190458505078584,0.06399193624991795,0.6555431145630907,0.2148980822029991,0.509443179038944,0.39577251266459035,0.5129594172464761,0.5776648131943463,0.1927830958993828,4.3468454772566965
0.6252522140112218,0.7409188889675848,0.028753494548559133,0.42665573464288675,0.8886879401038146,0.815136359895505,0.5250682997320093,0.3318053814586037,0.06797286236095934,0.6164237944902832,0.3752261484118713,0.5547624434724772,0.35454338960716647,0.8926540892374073,0.9328199333100778,0.4988794987276467,0.8856437161607432,0.6130714266805876,0.4162355409391152,0.18373999576671773,0.7911792155193087,0.22269838828095734,0.808380954419513,0.2043171313628549,0.9723571851086609,0.5164302416918097,0.5977838435800712,0.46494798445915686,0.040906829661153554,0.09233113274499694,0.6252522140112218,3.7386460508976542
0.16401938732494004,0.9934546669968721,0.24112089115851865,0.7252480502066486,0.6171623508541252,0.4399794889202938,0.11763148621852904,0.9634535546397155,0.554040838005222,0.32812180850582096,0.16756758326321053,0.7879229308810007,0.40849995050431054,0.5610992935086963,0.0670205990424182,0.9254838865051893,0.5980450547357157,0.36267480739752933,0.8003654759657699,0.845517100866659,0.005477562787183032,0.15498690035515494,0.12080527548918862,0.73083900808115,0.22827239254632914,0.954901760115311,0.906866871533483,0.7564724738371972,0.9199283066328743,0.8242460103257309,0.16401938732494004,5.006861998526308
0.6813440290303234,0.3319063375473994,0.8896269432710697,0.11686805698516523,0.15622281487224698,0.9725822945164763,0.9085283948848738,0.045350665056395734,0.21230597148298214,0.49878306559069785,0.9370675668240929,0.7666048706187224,0.45157441491126926,0.9891522924801343,0.756830082364753,0.08549712475564009,0.267982023542529,0.764031740689331,0.49100384918943496,0.4561977879149287,0.5997980603396119,0.6797896285785443,0.5642778338597866,0.5806080702664111,0.056779143684385636,0.21851747401001065,0.4153216661782605,0.6299103805471062,0.42574712341054544,0.5240274781338627,0.6813440290303234,3.6391486902119636
0.036416013971474315,0.24655538131951305,0.566125630699053,0.30601103765573234,0.8809445294113954,0.09862560543564114,0.42565581285117104,0.16149028609932892,0.28598654881850616,0.4810048406973271,0.8714193448067598,0.043838220853349874,0.09495749269143217,0.5049446351198453,0.9494090544645368,0.15375359300782587,0.5309077654942792,0.42114780021371445,0.7591853285789798,0.41391015560653566,0.9462233276744786,0.8294457503489944,0.5448712888488341,0.5381843749232925,0.35667948878182654,0.7894276420302523,0.4623275920756994,0.1546714124328209,0.4086896451644214,0.8128681625099428,0.036416013971474315,4.915332480593707
0.5234269354998686,0.026020107154824612,0.6164236303945975,0.8725925852535339,0.8560903251896782,0.5680673675926555,0.256049282613271,0.22873720966912436,0.6468398021140334,0.15275240370468235,0.23625425505695818,0.022975561179286896,0.5527994970745305,0.5141629646950655,0.3898932415785731,0.8201957983561109,0.981887075669903,0.8743552940565967,0.6265614856926163,0.7493791179083487,0.09720264802629464,0.6848811094058007,0.9403900305954772,0.6274937521425398,0.6871125975124459,0.08011849126841175,0.1598971267041508,0.3439279256980413,0.24287283314721664,0.14790097569069005,0.5234269354998686,3.6732206595387322
0.19040218305609546,0.3385245006247982,0.29676940688506825,0.13490884781683232,0.309822034740445,0.2528256914486374,0.6286811195569243,0.41882580533328917,0.11595649532370034,0.1871422582142388,0.7969864324276884,0.34917761273495895,0.39269628728116523,0.8582134708007074,0.2970301780055651,0.8350239137214668,0.7368482714787216,0.2158388974851938,0.05377468736100022,0.8056390330343566,0.30962868899306517,0.18565060133059175,0.2059496820623109,0.9871587987869672,0.8162319678996582,0.895602314441708,0.7645629218954457,0.9922096905468822,0.28205666474723645,0.2628147785364494,0.19040218305609546,4.259210078717834
0.4425094701276896,0.5231802021958167,0.6325975937698392,0.5889965591445392,0.08886988547864494,0.8442481657670847,0.0186467889022075,0.984276233093868,0.7370990742631598,0.3053016905125093,0.7268077695411095,0.9367207363084328,0.24599481369381482,0.14801974633584936,0.7348718435293355,0.9197953791275079,0.7120506879677028,0.3634069880197953,0.8605368831254535,0.4950821784971885,0.31883072113840816,0.8138793551815302,0.16182065630799847,0.5038567240886167,0.7932358140901379,0.5661613248941768,0.4377636494098257,0.4162159887060194,0.6589380739949038,0.5288246083079927,0.4425094701276896,4.358475688596821
0.3263190344575847,0.30134135804036755,0.5596037328557362,0.178759224021807,0.14819516720172898,0.6688594073598705,0.9691921871206168,0.8717661473938793,0.6723887907068019,0.07248473738318562,0.009430709320647712,0.71254037119898,0.30449421272457666,0.9374883188818866,0.979201733050138,0.6313726728396069,0.23658364846165247,0.9373244348630161,0.8067540460813841,0.5490085435405968,0.3411507139978397,0.43323172477815697,0.6876347803175002,0.8656659309065192,0.2665402969695204,0.7620358626559334,0.39502087624146054,0.15192054173681147,0.2980770595061797,0.6260962719900399,0.3263190344575847,4.398964728707271
0.25167646638191343,0.86729634331667,0.17173848393661273,0.295622805412063,0.2644008398260276,0.5693605112130938,0.5936465659302872,0.6363878006937509,0.2092312447222443,0.9687433712654251,0.482612263614815,0.7090293007144991,0.1264791335244767,0.11241008871516966,0.6905440738834877,0.7978357732960768,0.2806766153873963,0.7994731187866354,0.669005922385725,0.8610368826398949,0.7894999836909038,0.5761029807211316,0.37929838137433436,0.9405044123411628,0.796478604652131,0.5674731584299821,0.24771457401670505,0.24906871068130854,0.4970536383138531,0.8869385091619434,0.25167646638191343,4.750140995734926
0.4083055415762975,0.25513208308757573,0.04939868101934686,0.12342880092694719,0.6358782837958052,0.5738553096035847,0.09471759394282497,0.8767618946493212,0.20638986436064655,0.5271098108982408,0.7628756336478337,0.7585028915307861,0.1283688139957182,0.7838562579973779,0.4800886134111054,0.903844913761487,0.4456719810415831,0.7812319774471517,0.8626988621370545,0.012517641974220228,0.23743929376967976,0.3460123590892116,0.10608891298646428,0.5975819421911084,0.13568310633945047,0.9064687248101706,0.287936516392826,0.2911452716825986,0.5762198600468705,0.956009056502731,0.4083055415762975,3.788157051893388
0.7463286101249603,0.4614680549228847,0.7726571334033183,0.26795622495333393,0.7298414667599255,0.4088256865507113,0.347149851099817,0.3408806794629039,0.5319912221951065,0.3805812449565551,0.1642625177328796,0.6038691059359439,0.4442918835431412,0.2837268231797708,0.5543572376654771,0.3080289924162172,0.28486671925114393,0.4877050876423705,0.5106865247547805,0.15235601552607403,0.2775354315754247,0.12164456997748863,0.47712250278452994,0.3647726739685012,0.4258778933395213,0.9704359345453665,0.9253084663300071,0.5604009426392025,0.1982226250963084,0.396514562593394,0.7463286101249603,3.034329928444058
0.8293521908307095,0.2874983719630103,0.2022740957254643,0.9988893088616143,0.4963496400785874,0.42496323311869566,0.4205055303096137,0.10034802590385283,0.795100263692426,0.20611845163741815,0.7836997232606305,0.30605576632670484,0.21946232084800876,0.9528515019559823,0.9161635710773037,0.366440065945039,0.24464328679410718,0.754817043217458,0.2857423579267646,0.40033594662320127,0.46238793519440324,0.8936404149597242,0.9409352582096924,0.8726245660887813,0.05794218832255871,0.691307023989162,0.6746469184939193,0.7398492522307993,0.6976369401167283,0.2759020391289516,0.8293521908307095,3.607393656408932
0.3224953088034638,0.2654780800168569,0.6306983472499732,0.30050534517334426,0.39713502535740997,0.0909023145695127,0.03660736343360549,0.019624026501079195,0.7516759996432476,0.9809144472676481,0.08949322467174126,0.5714235422932924,0.9672032325894035,0.9453927056258278,0.598534485608568,0.2316583941550715,0.5722288227547143,0.8762228713280746,0.14431260853800076,0.7977749430744064,0.6876527859197795,0.5830152053157822,0.545885117814852,0.10270432212237235,0.5469167349944252,0.16065177083953897,0.22259413322508104,0.6409687022686166,0.4514803500649912,0.04669289963504564,0.3224953088034638,3.8298062924795624
0.6972456344847829,0.8776063535247601,0.9518725279596073,0.48092163867260995,0.2535660885568497,0.9145340496720218,0.3030995965566332,0.4512283738018964,0.052748561634463176,0.98973085313918,0.16436995239168029,0.19281887330965664,0.14177885591893358,0.3020325123489388,0.971806399603212,0.6688452234147494,0.21540730436409794,0.6510307677982516,0.113707148787206,0.08941649258283668,0.5049972526289795,0.8178967848019869,0.3617854557788768,0.7615669976137145,0.6554419881219348,0.42524821617096675,0.49911326170069803,0.02668758916835945,0.1538562554874684,0.8204389145953277,0.6972456344847829,3.366987689038369
0.1669343262396732,0.9898693002021377,0.3760636121821892,0.8504086066883546,0.12071879668923668,0.21907361673966363,0.5482012690533002,0.11822390995304066,0.5512545413575627,0.4186629714825032,0.6743932200181557,0.6275656334101549,0.8007587112236904,0.9553270836929906,0.10720918761938814,0.8920711856820812,0.7572631701849711,0.6946488778147123,0.38085145144069776,0.9804584427385247,0.08930347819514883,0.08590368364067791,0.3449921340637895,0.9837821521256086,0.07056349361582914,0.043740758159092064,0.20815729302045538,0.8886375589864756,0.22874981830732166,0.4876633781183153,0.1669343262396732,4.5402511190986
0.23872200104856733,0.6844143921148266,0.9815377209169246,0.08162408357381701,0.4866310690507545,0.012456592048970427,0.6272572041053448,0.2110742797840356,0.8752517800954529,0.4423920657286172,0.22254329408375784,0.20058031892456085,0.8584807148395355,0.6320581946018254,0.0954552265109283,0.28175814434484625,0.302202866671495,0.4958426679832988,0.9197336151343157,0.5320088601132686,0.6747179012245432,0.172870948057969,0.9714576659651725,0.5193242879300448,0.1581165494385871,0.023494630918061032,0.9183318126288654,0.24207278892743844,0.2958893949884035,0.2823440262311352,0.23872200104856733,3.994061288374556
0.8110594895026177,0.7518880967345309,0.06559930762276056,0.10264044178540355,0.034433440606148946,0.8355786315622773,0.4141006352704858,0.723290144301926,0.09044701096499741,0.8726953963748231,0.16923779185072851,0.41242573942764604,0.7511332583196078,0.16705657993182232,0.8256630012362863,0.22937587091940992,0.7310903554193983,0.8095971019832563,0.8687072176175726,0.5579277369710354,0.01771614082085926,0.08700011912298011,0.46946599327450156,0.14561002852302785,0.19712066736683542,0.3657746745879292,0.42535887455006793,0.5523587414459591,0.1578826911174912,0.00016216969870386233,0.8110594895026177,2.7252325982639687
0.6991889913381156,0.8047213140836498,0.639941426971562,0.23732420157940926,0.987729958455622,0.0030310676641389644,0.1807596654663124,0.8730476850694818,0.6682735771225491,0.42319713845755735,0.3181926873902743,0.36711040130365236,0.6458013135586844,0.9437885770367964,0.9362197346446656,0.6968417781013743,0.7636420647673732,0.6677472897241963,0.6461948095028868,0.8616802510035708,0.4740625027400227,0.9812507237723532,0.05219046259819837,0.8949044237015792,0.3231575757272388,0.9436249399284254,0.3745343214967317,0.9544499948788874,0.19166183019563832,0.3710382760434623,0.6991889913381156,4.239599635979558
0.0410570818011482,0.6745031147768354,0.22944976707857023,0.8550455462181009,0.5563709098833287,0.7384013044296307,0.6598074557796193,0.20717118749934038,0.4821795315800548,0.47542549594262373,0.4679607179884372,0.25880905571744317,0.15483732620722135,0.29729179483462254,0.2728914674306223,0.336570348934892,0.9047388260400905,0.9578894441776145,0.4985240086185756,0.32252280934119026,0.5641067726647286,0.016891170109784803,0.3126245601616584,0.5304600526981139,0.44891629369906105,0.37009566260238047,0.02013442575242319,0.34046612928196895,0.606247315000182,0.7294170935449522,0.0410570818011482,4.665718749685625
0.49586978937175274,0.4136495502802142,0.29772029708839864,0.10021032646619277,0.8972264248042255,0.35278313749958956,0.1340137746731277,0.8387834374604282,0.8641890832871222,0.21081582756163653,0.3724741293814867,0.482631812586523,0.21611272458138908,0.2632877763606354,0.012764918239810075,0.4342220245403542,0.9099740905261985,0.5432431365923862,0.6799928455081261,0.2601080838518214,0.22681815555562035,0.4222120816369851,0.23453321418618545,0.6957913260772172,0.7240665944754547,0.6764907064893662,0.7079289893015774,0.9191492050264147,0.7388728052017103,0.2081722675956743,0.49586978937175274,3.6743033225630377
0.4563425532067168,0.768386554786437,0.14207033518871615,0.4356200129234925,0.015066788705966894,0.4609691829692464,0.07513937139223126,0.2865133838074857,0.2914378776933929,0.5487032703245365,0.7794928611270003,0.44251026128839865,0.9030536473658204,0.3881068718022441,0.008611028321179881,0.36705649988927835,0.3734887474356344,0.9115451676682156,0.2626463575338689,0.8878217570000241,0.04309010920483036,0.05858074393982704,0.6210140293403685,0.38359906811266486,0.0897271630972366,0.9853724566708987,0.48001682582533567,0.6563572568616588,0.663125133428975,0.8906596201766739,0.4563425532067168,3.576724152574884
0.5075367213049159,0.16960558627446876,0.36949849680827784,0.6177208505238417,0.5278833695492637,0.3179319201322883,0.6458921106648606,0.2418940018783442,0.7267496118815889,0.036278639143553004,0.7133726525077911,0.23644940885404842,0.5711371384626658,0.804289591418954,0.6934454202485686,0.7037883102273365,0.4365494286477706,0.13227676721902337,0.510604200656246,0.046652493896722436,0.6448182842231295,0.3469204498934829,0.7702457599728694,0.9389227477912793,0.45922411988291145,0.04221608604440619,0.9409560210660405,0.5213983419580507,0.6245801988935531,0.00982661196661827,0.5075367213049159,3.6456194134886934
0.5840377784174215,0.45865183932303777,0.5508954822994322,0.07586507385655417,0.5199098214710662,0.08274684843675717,0.8125653097566486,0.02531452912532961,0.23517801436577357,0.5723852516856126,0.3955512727381497,0.6526789113087773,0.6960379018734705,0.05217333709901939,0.541882497551697,0.8623197973405605,0.5029242481681987,0.016990094407201672,0.35122905024239137,0.9406587911821109,0.9373534919283385,0.5242525147902386,0.7529146193512276,0.2841100788954417,0.40436359445187875,0.14867182671477008,0.21400975465741978,0.5810119494705801,0.6393714039996854,0.14893358349653907,0.5840377784174215,3.314839535466075
0.8734300681500868,0.6161120319211303,0.4502352855359346,0.7906903562992542,0.5425713773451292,0.7256238175735883,0.23876986702455938,0.7790091441693352,0.15070876214528928,0.06895109888268214,0.4903058753614973,0.08722441535913128,0.4937475435856856,0.26773817775702624,0.6833109909878284,0.3684551485142534,0.46858690370862965,0.612309466923132,0.45082301068372577,0.07403467795130658,0.5293255312769495,0.8648335323041546,0.11021342656386879,0.8899595822014771,0.8733763038889356,0.8828369087004889,0.2513346641454215,0.5017569409812326,0.6574807501594653,0.23744677734251285,0.8734300681500868,3.2232846611111134
0.11998304521157976,0.4045689405757751,0.9063660551164174,0.5032868384168643,0.9055240722261086,0.4603228798606491,0.7179072444412734,0.763965373212795,0.0102145452336877,0.8205870049563088,0.07896370880429482,0.9382683201502778,0.9053586698484742,0.3674607060312136,0.6277165908569631,0.5745980014387833,0.09741962593787734,0.5470018752871442,0.2631794191966076,0.5810913875334973,0.6638197844265697,0.10402804255094356,0.8588040568446014,0.03579819107976945,0.7305316454809554,0.44497647819309827,0.33369431538719263,0.49675722932056876,0.3419534837050182,0.8692009955594818,0.11998304521157976,4.9331628877032525
0.08304115364820153,0.41732674758841704,0.8196803145815387,0.004123519279630505,0.41874908847634673,0.3088415548011463,0.07875035454076795,0.6361785569441282,0.6921224343828319,0.2213806218482316,0.2634535948076232,0.7215058935686428,0.21585993284509586,0.7654052109508248,0.07781824235475387,0.34346247921251183,0.11154662162993723,0.9390868564175966,0.049471362388702644,0.86726083941447,0.3406386448893439,0.30563426905505864,0.9724457267677681,0.13053175118820426,0.043419673545858406,0.9958646847871264,0.5174043142893664,0.3484473957678368,0.4348871913220774,0.3610641369028599,0.08304115364820153,4.214448192233563
0.7828138467880976,0.5863661715738346,0.7025135142239842,0.7198966878589539,0.8542141654275147,0.4647054304856272,0.36093338932613683,0.4721026242668167,0.20497753495701965,0.697140035678129,0.6384582121880421,0.9949156433776158,0.3434614940812988,0.7594126851462805,0.7466557797432919,0.46043361951671724,0.1487499575553909,0.24881204493780817,0.278379970153364,0.8394941249288612,0.9935121881426765,0.7776345958077836,0.01607255710910893,0.8924380639109355,0.6861436438166841,0.26902619938777395,0.9379573915927614,0.33547449425025844,0.8928505741764234,0.5581400835867135,0.7828138467880976,4.02893893162862
0.7985616604983377,0.2695079348822367,0.006246678137350359,0.8527146498651164,0.4830740517197032,0.6563214669534333,0.47197849822242455,0.8387964111140415,0.25820030874464717,0.08505222341817131,0.5507948475716596,0.6520761366789274,0.7545636625823008,0.5024211188181079,0.40682852988788387,0.5060706927205684,0.5787291927674844,0.04272435790874052,0.6473019585275183,0.9348696832034469,0.6863575357740186,0.7710045691985364,0.08126200155269991,0.4060080203130608,0.562289358783582,0.041304966225744755,0.5430579780319337,0.8754475786887743,0.8993785653126516,0.8501652466829571,0.7985616604983377,3.5841934228381818
0.8796474055108743,0.581627513796424,0.23088371647102646,0.4405357471956072,0.07313758986358176,0.4452705908094624,0.35550667465142594,0.44006125930757567,0.11923236727734565,0.18795108061642785,0.8278303968125725,0.606081154821415,0.029195552134435365,0.7771938303707997,0.8011758408560847,0.6265667991943842,0.04029791894780266,0.7825818452241406,0.3701959461763745,0.8779000166874737,0.5609533053979303,0.7027159990500527,0.14732776418816473,0.34026228976762174,0.4087642871645749,0.10875614999922723,0.32947779885528283,0.3310484056815889,0.915122755899407,0.09622127299768812,0.8796474055108743,2.820752033199167
0.03754210594900853,0.02820236655044328,0.9670946509381163,0.7011884756519503,0.771185809298689,0.6925291230197607,0.06793716931981408,0.10585363743301912,0.15367871385668797,0.2178027221810881,0.6783772777353374,0.8643706613739673,0.9074382981108566,0.4968598128943643,0.598369664315734,0.6369102137828475,0.9377765967580698,0.43801909251943816,0.29186818163745487,0.25507807959495454,0.581336698949672,0.18112689137322835,0.7121784898679071,0.43223584788450675,0.48995293546739116,0.6255961062082366,0.010470024735236061,0.1546734121266531,0.8217345488955691,0.432508939389589,0.03754210594900853,4.971928054157704
0.3467051171039832,0.3255545995476383,0.49728287051219267,0.06331592417362797,0.1832530010317207,0.30938069550457803,0.39426545974158533,0.48400236759303783,0.02053188904375558,0.03756494743762473,0.8408842043623129,0.4798984960694318,0.5137850820206588,0.6069607308502107,0.16654613219831338,0.8149480517278275,0.683372135344046,0.7441482562582312,0.869225358488109,0.864092910349516,0.685667244155489,0.2621729978080908,0.6121889016442769,0.791788740415842,0.8633591253671812,0.5469021712620802,0.9006127821600916,0.2133980144196861,0.504406247678974,0.8988634701787539,0.3467051171039832,4.303451030644367
0.11227092593504917,0.7257923948501953,0.6143685767063335,0.9130237972369672,0.3721421768047295,0.4388575590791054,0.19472819943922515,0.4691635328785565,0.16821206950758472,0.6968286551502294,0.43601729451795934,0.8776667419939542,0.12416981962272988,0.609121988972209,0.3298684018337231,0.8925670170200471,0.3940160739357733,0.4923773056669526,0.2526368908290221,0.6309973113429169,0.5764602055852844,0.9734323294372547,0.11414489255194205,0.4381429148157798,0.6010892510353432,0.49342545207884125,0.7484953781621599,0.9353395754474673,0.24392199967500205,0.8551728334833942,0.11227092593504917,5.035072186222836
0.11602376033347728,0.5759948905499968,0.29045852415209805,0.033677696506263066,0.9986871575092651,0.9596159825312235,0.8376799392160168,0.1467606052662821,0.6015915511204737,0.15415978361677696,0.030176791387131696,0.23744934482040103,0.5755708326366235,0.6182377002435653,0.8789770268624606,0.4475908113408694,0.6931604359433703,0.27361135246841817,0.44618102597722786,0.9846875234345092,0.33135793138138947,0.25268873260952684,0.7613026704619825,0.032190445535483,0.08534837068421053,0.803729264434606,0.22032260550525318,0.0835398075128505,0.32867683904400635,0.2745056236356902,0.11602376033347728,4.258141391118659
0.23346148774977005,0.1796626329913915,0.4976788137447856,0.8034247114698915,0.14763906677490957,0.8041785665844791,0.5521480188183722,0.38502099326656125,0.47077557944403736,0.5964400909676669,0.4462484526888809,0.8774203301271373,0.3828798944040882,0.7381405163692781,0.49749855080187355,0.017163310262712672,0.15171437372002927,0.16857874942235296,0.9658945130156836,0.8123099217331938,0.09299462378777601,0.699277430862901,0.6847133484366649,0.05595458914527485,0.32941438319886296,0.0850920592814679,0.3365751043904901,0.7043651130180429,0.9560120006890384,0.7406557573264622,0.23346148774977005,4.277776793944075
0.9326399832026513,0.7985832092523437,0.4358275719329716,0.7235694148602089,0.5642578346677999,0.47323304784131204,0.4140539708172991,0.0038439632012295943,0.19253016316872262,0.09349040146603627,0.5884083750289888,0.6424852499105882,0.9273669454078641,0.8933746762312157,0.8261739481559841,0.4093223733251311,0.21524733335947743,0.02942649703945599,0.6323892489370251,0.5177943005914206,0.40611299346758334,0.4842168581834251,0.8986887313394817,0.5092344417633803,0.517682599339115,0.3490490960022825,0.48713245033623587,0.9804935557520487,0.2683765895536251,0.9856558472916104,0.9326399832026513,3.424952306004459
0.2636637864372776,0.6932767356298309,0.7192803561151375,0.033315659694368116,0.15819530881986643,0.44519184318460125,0.9892961638760772,0.33691969826965984,0.1253755681929103,0.4640562966127657,0.6062314747539251,0.8382865903777124,0.7827879122286175,0.6050212652750986,0.4622397471068038,0.6561910770890669,0.6766042575208048,0.3836658475989221,0.4678017253943172,0.6390188117400712,0.61831945915156,0.29337602001622054,0.8022204956678144,0.13099807507131778,0.81154258830595,0.24795204220359268,0.41661235308188715,0.5488359761543766,0.8625373182943378,0.4358579029518497,0.2636637864372776,4.5035988225653165
0.4587089581363103,0.13670844808446492,0.9372187874789182,0.11432034032773974,0.9519815698177571,0.971241756802128,0.08604865187473709,0.48678138380583247,0.9334853265795431,0.27339279047782483,0.3923013672324539,0.11309422586757645,0.3205532062453018,0.8694399020623786,0.28455473638545437,0.03266300312796466,0.08582546115246192,0.08202833072417515,0.9360820639526142,0.5961868167899856,0.9899415574451412,0.3413239452880428,0.6958692258682241,0.27099835725478694,0.12696980888634168,0.02581644664876237,0.21794263370678735,0.7083408879756289,0.3353203679493413,0.9876586030228359,0.4587089581363103,3.595019812724804
0.7136708249113783,0.6482042533198863,0.22879875625674329,0.7037044010505127,0.1947692706629175,0.7678096684972288,0.7481865167884411,0.48153150399635414,0.1587082567699053,0.8386176454446971,0.9260233866475182,0.8837739936738324,0.8921335534396289,0.8785251156064607,0.10255540281131248,0.7798655866997104,0.2246518526807143,0.7785022436024718,0.8264385799218905,0.5660480444292152,0.9496279111954943,0.5500908608955879,0.6581700621345811,0.8004528509181301,0.37876621273576205,0.7582968549668895,0.6198266243321155,0.6235927741942371,0.3729975160216049,0.0008125586682499186,0.7136708249113783,4.247704243110821
0.135714178879492,0.632065170947346,0.1389304232276125,0.643659790330194,0.7014500033005475,0.7155588921198817,0.8678844730645073,0.3126881313330476,0.7314452798763408,0.7836823409531976,0.4956561957950335,0.9301004913111505,0.9805607422481117,0.4747873873683396,0.2116928650112333,0.9373059267508477,0.9978969066021856,0.6762606940439827,0.11554274941207388,0.8923537480395128,0.4919073703288015,0.21915599372224193,0.8333413052005111,0.2743433954003187,0.9643209321962156,0.7435775970081192,0.837548135836162,0.5554716610920213,0.2083779092478828,0.8272163351365666,0.135714178879492,5.696895953327015
0.49685676833502335,0.6745681407041273,0.07038766993683787,0.8480265997650829,0.6016292374794955,0.5843388253041885,0.44835629932397114,0.7374266841457744,0.0036488173467134066,0.9238374007106257,0.005660251317664788,0.9812048612308052,0.5763877773782249,0.8887964454682068,0.07630137666318704,0.7992483683517566,0.28328654183601254,0.2030282679583436,0.7020233165751641,0.6741893149084972,0.6611118004407557,0.3372472721313625,0.9819677919643891,0.8508866823755193,0.6824587687038095,0.7791813401565195,0.9206540889729607,0.5850015981638896,0.531419773442098,0.8094520176660025,0.49685676833502335,4.569175697399086
0.8987116782311592,0.5492617741696165,0.25991959690949207,0.1396182250671124,0.8112715492785196,0.6939742198020895,0.8583881885022373,0.8884816126403569,0.8085494175486369,0.7462494096013113,0.017643842606230198,0.28219181696577267,0.49877735415271407,0.7799079675112816,0.3220269594477987,0.329928492436643,0.33487775369140316,0.8849962185837721,0.5218806191086426,0.32739039654506563,0.25153402463007124,0.90562803432824,0.23438516155436018,0.4121487804613986,0.308301195023859,0.7183704499332173,0.3116500908141112,0.19864759351603922,0.15383730198848067,0.13637891859899076,0.8987116782311592,3.0758247666137812
0.38448504484640367,0.5984808279224505,0.8872351877862659,0.8112120722893309,0.5192007477774666,0.8856958428763364,0.7999635479858269,0.533612652101118,0.6943403439575654,0.28333397952594885,0.1482711154450902,0.1588804937794408,0.6147829024490821,0.6736423329847205,0.5489311307088321,0.8240407376050254,0.6066155971677822,0.5449750551192176,0.2206307557628856,0.22074010189451843,0.22574994361983702,0.18629751771254455,0.8621809389787617,0.7894437331178498,0.41402755987021367,0.19679483771030049,0.40144356688740346,0.7319179875065179,0.588826416540595,0.4300505474370182,0.38448504484640367,4.289009722027374
0.9343811756491716,0.4766938840370972,0.11724088396895738,0.9567368334663547,0.42054060227655976,0.127986906052733,0.5439128836810444,0.4679242731282791,0.475275118760347,0.3359718101881586,0.9858334948045864,0.5092990661172472,0.6062878418818244,0.8143837298046515,0.6645864433194802,0.7477802728107497,0.296883180105205,0.80845124221008,0.19609094260832427,0.9729120206971199,0.016902146439414678,0.8893600074733025,0.7813341711605987,0.6262971475536374,0.8530877682312487,0.9288814777962582,0.6829520625984056,0.052108377219960644,0.43783127509291786,0.24376137303743572,0.9343811756491716,3.613859140289741
0.36236371760857833,0.14512940866027746,0.12221441101692132,0.41370665248679805,0.5419568311999701,0.5091374962406643,0.085373918902787,0.1908557127260967,0.277848666450044,0.4882326962909862,0.22985531344283672,0.8659220270149884,0.10026180895547943,0.45085586618346796,0.7955284910117032,0.9538791928606165,0.8356376715715744,0.1807499717112061,0.5114358356577418,0.8928190940185042,0.677863979548349,0.8267463117904693,0.046682244126190264,0.859821212958667,0.9769127135731045,0.920129761228776,0.17113052256352268,0.6614235140352313,0.15889277575120186,0.44177699316667396,0.36236371760857833,4.04304384121281
0.047678191142447646,0.8286099962151242,0.6097039883021584,0.7790247319032829,0.9312590690313398,0.5453117997734838,0.2744990032315948,0.5714531780807319,0.33252422198503795,0.9575024839312053,0.19297333116993143,0.4103207796244094,0.24083895009090872,0.2622600662960516,0.133233225932459,0.579086425438772,0.28863696438610154,0.40972809566693613,0.014884681576211478,0.8611520958757524,0.05303959086783705,0.21750323292454843,0.26897113639627745,0.8663848342934394,0.5674660909970747,0.42333122113350685,0.21063754352273245,0.897968687859416,0.8528281519157066,0.5577651392937866,0.047678191142447646,4.881093921484256
0.5700233946593801,0.9849691594452211,0.09497995253562785,0.43557570750960395,0.15522011864219143,0.5240114443914318,0.19251740879732626,0.7288363264505031,0.8750830816763231,0.8060001492272388,0.175030283916759,0.35521264914690676,0.6622348392549265,0.6726209821383403,0.7801838754789464,0.14221016040875467,0.10513465183653281,0.30799722705603283,0.8047018610115643,0.8664266145648749,0.17778518915686536,0.3677800215637602,0.5580857360703332,0.17636962236752463,0.022914802508577137,0.971577045959565,0.5293801306466506,0.40705183330004424,0.9488835036797064,0.3856815259626505,0.5700233946593801,3.655075709434557
0.4890448035625635,0.17624859165328055,0.011225752398132838,0.7484263307221416,0.398223169081407,0.48750402509815627,0.8522214355290375,0.037824249959791056,0.30024068154033823,0.5649044213063837,0.923645988866021,0.7881414629005197,0.227509607555612,0.09888436590357941,0.15492345736278534,0.16740100212701448,0.5736672536948474,0.4664174136753161,0.8279879761088911,0.7692745211710396,0.4231735369204941,0.9735282603916009,0.4952493516307894,0.10774838385519281,0.753679500346861,0.9858434023950788,0.18012916506700494,0.10069831831600995,0.8722247534411451,0.6752913162083719,0.4890448035625635,3.7655640449929932
0.9383363752197665,0.14199693279016012,0.7306513019602402,0.6107427484660138,0.6048378221148559,0.2477253249985376,0.10383847440025462,0.6065630663797512,0.18821227507978477,0.19685172098004056,0.426819436885598,0.211152887878575,0.1592184887982463,0.38095394263805493,0.39016884701086796,0.42837148664792557,0.11346740058505067,0.2475433943704879,0.9358719804339027,0.057668759887582244,0.1655607810914962,0.6726993911319967,0.7488909998340252,0.7041164414093909,0.6892667639916848,0.7489292447216728,0.22777417251252274,0.05779109900234547,0.015549688698433761,0.25635145385674607,0.9383363752197665,2.395318590685701
0.45314377138190387,0.048852132684370386,0.18524197293512035,0.9495100452596572,0.5643820922392344,0.3043759662405281,0.08949895545761333,0.9328440490015978,0.29834741110547136,0.2040231685239463,0.41136019887013664,0.11561059988121059,0.11043442494647648,0.028423785674727253,0.5849153852533154,0.36860436929970974,0.24074858708006575,0.9020268870093893,0.19255996034367606,0.18597040915242202,0.35581081683853966,0.7881878369835561,0.4893473190704055,0.2893392586655209,0.7928921995739031,0.4225680078160525,0.42711466485122074,0.9578424334195376,0.22298393861628363,0.7222201873341859,0.45314377138190387,3.309842245696307
0.8869781004912453,0.05420995636413761,0.06956665025734698,0.13023676359694236,0.3585908642951374,0.043809610253943254,0.7212451443486678,0.9289161823377066,0.3245444258211465,0.8519489080154113,0.12302147294662336,0.19198192559726568,0.6110283514356278,0.21440028994487115,0.15458456212916383,0.7719967420734892,0.8645878330083115,0.2656065386940101,0.37819353395978694,0.2669504675582238,0.12251184877766441,0.7957187734788171,0.19890640492469547,0.9809467953779238,0.632920423525435,0.3859186705251736,0.7897118787526873,0.48516658938808244,0.0048054289705490305,0.382527456786545,0.8869781004912453,2.7025684706922233
0.5387673508343873,0.7381179671542978,0.05159409507835577,0.5127253839044369,0.2913977452479023,0.5664229611251466,0.7762729081219669,0.845873869642693,0.9687074376292059,0.7682083053765071,0.7082254849606495,0.6042069981075712,0.0061512689756135774,0.04678492789348865,0.7796718715647561,0.6845019176744679,0.658990692261802,0.5841424601408675,0.9723325636496448,0.37536927420355104,0.07911013958296242,0.11230195327295522,0.25752342757739555,0.22282992904243115,0.9367442485950475,0.9061673285580553,0.5345215219021767,0.42971273764734863,0.281888352690037,0.6881033283208188,0.5387673508343873,4.011743904383276
0.03386236169741885,0.4795499822756568,0.6428345457457697,0.07377980022828168,0.5173254632900117,0.2929466538141492,0.11619200683663045,0.31226660410452245,0.9740861467913874,0.22822993093756516,0.4151265178466056,0.8428460375671862,0.35367082607326894,0.4260418550369379,0.9502515792616691,0.8483126997902434,0.2669790817909313,0.9912071837768737,0.8320106582074847,0.9526207734755903,0.43381597271735506,0.41264636623109163,0.6942547185016033,0.040026332252415364,0.7848432368388978,0.06741006975390007,0.9896058985195333,0.7459902779330653,0.4394703078519232,0.9363458196654932,0.03386236169741885,5.534190978190963
0.34919994221445916,0.33027892534635594,0.5675485386670268,0.2008080280944694,0.7788721622510041,0.840869711631289,0.22851209340481005,0.07487541386859875,0.07516205423557787,0.6462053833796567,0.8916891527585152,0.7264452105877314,0.8134318035399384,0.18806367593310602,0.41314345288886845,0.3882924413393881,0.7849446293590031,0.6408024519131825,0.2720876021912866,0.6822883019469691,0.7405212993589021,0.18245952140879573,0.38097884432883933,0.09799129175688404,0.16646418292652831,0.24751345813261383,0.40332328734536893,0.9325948394820163,0.5836657465422689,0.6196468357594624,0.34919994221445916,3.951457124418898
0.7418703131009439,0.33777445777184323,0.27530111445378336,0.09217680465637657,0.26708871751576313,0.6133428336672534,0.9185415012720216,0.45762475437167194,0.25640273976275885,0.026728880192544824,0.34013379126197385,0.037854497416305866,0.38015618070713686,0.6934209981831896,0.7569866874355482,0.21794216692153656,0.5750737742449232,0.33897935025256987,0.5083362216443899,0.26471655034744024,0.3669604748052345,0.7566076055759483,0.27909174967741135,0.904929988952172,0.8937062253436264,0.24756480579523865,0.8962403058985384,0.20745941288837255,0.13663724810316902,0.9783372712956845,0.7418703131009439,3.1084354404900636
0.06017028395053403,0.77098992041778,0.2560389758576578,0.4611471587637519,0.4221008350928648,0.31259482874122524,0.09884984092974514,0.09264473354326774,0.00946634035160454,0.696997143487001,0.4506348562018262,0.8184069990994125,0.5508471256644625,0.7593926750438819,0.24536366324587444,0.5151407322833595,0.9886504659582158,0.8310004991421258,0.6041024560869763,0.5925679601606392,0.9263449335995712,0.765020813217777,0.7686760245219284,0.6297201580403206,0.08877420495525057,0.5854432095777692,0.20838486076436824,0.7306323996438562,0.9481557005007382,0.01825729757704586,0.06017028395053403,5.114923127498127
0.6185444227570448,0.5469302256163711,0.41418378518234356,0.2272776044217707,0.1254567363375355,0.374610908493889,0.8403320749048017,0.5829441693649196,0.28723098068235287,0.8657468669843215,0.43632681394235084,0.6838548110942688,0.826717874410532,0.1649307006380556,0.38096274660449103,0.08664008391439482,0.23467556526078737,0.4498868442953189,0.4326524930279093,0.9704713477171019,0.07814905884249601,0.9713938469833254,0.5506372014772893,0.8971573924577604,0.6249958482096986,0.8126443821893019,0.3992548484319812,0.12348809219360524,0.8458832423478904,0.7706624948045849,0.6185444227570448,3.7864647435883065
0.8311336222648766,0.3466760993576492,0.19479435264789924,0.016449929363745674,0.9030016841659441,0.7734568625476612,0.7017985270597311,0.2107808562167155,0.05163624141146528,0.827843686893795,0.13163797782666053,0.5563087901738433,0.7745840646311312,0.1835390186610022,0.5561948058873964,0.031005451049215926,0.08124547925353409,0.6448240934693407,0.34199701314504005,0.11186283320386714,0.45599522444038465,0.7871724062881305,0.7537214501523529,0.38921769291989017,0.1102456816080919,0.9896591278553613,0.3099043559360114,0.5973661615249072,0.288157705499827,0.46630857055952435,0.8311336222648766,2.887049314552458
0.8781761378775004,0.222057333040094,0.3853491486433609,0.6197136560634012,0.5024071057239056,0.2113098013029584,0.7388316154407722,0.8901624828406932,0.9106385438414022,0.46147790754830564,0.4594783620224475,0.014045545070775711,0.41249042075750375,0.9614817882047788,0.10821449095031532,0.39360779827018755,0.9550953180608728,0.09249530833226127,0.763697156296661,0.0470849745223787,0.26653950287504324,0.6279457448302399,0.48731432570521793,0.35040233539248367,0.7775202830272604,0.7972610807352544,0.3522000936243108,0.09488664098935606,0.8866547327967464,0.9299736860332601,0.8781761378775004,3.357041795997613
0.14631490188024443,0.31949156338877416,0.5890841012671876,0.9531051307752624,0.5319305762001844,0.2405715458246639,0.2235741879227744,0.07331196617013347,0.06984790768990745,0.401297429549309,0.16181994981458758,0.9682383830155824,0.561073207012419,0.6395003890385798,0.9693820499781653,0.19730330964815068,0.6688975492795086,0.9507237973344221,0.5601692935660381,0.3343817174709093,0.01856645602703466,0.15903360321701998,0.7163150695291339,0.8139638807151756,0.1404760961820697,0.2797644364034715,0.7284097446483292,0.6125961915951115,0.9262870647305311,0.16797808310253526,0.14631490188024443,4.453983876454901
0.9714581731264016,0.46529743832127757,0.3516678014945742,0.5599764229149439,0.4166180730955402,0.05065264671238068,0.2337493379260337,0.10879471093620208,0.3243474407416159,0.4837391657035158,0.5657317383766591,0.9347408194399249,0.42986035315551463,0.3589026661593244,0.4082868401030808,0.3825042163608924,0.2702507586952808,0.23040840578199295,0.4298079208300799,0.9019086249579331,0.45809802299521996,0.12161027511283173,0.1358119462886298,0.08444627486612555,0.0667998324685517,0.22866631227736856,0.22844718972267708,0.8209905302388316,0.2875822499669439,0.8486219613016142,0.9714581731264016,2.3878688854560646
0.29318012867655696,0.026193175519468315,0.41847656576670855,0.014197615460411983,0.034264745140147546,0.8656225159381048,0.7971822787064071,0.9649894752520513,0.6107139152225709,0.378002332794655,0.34627689687023233,0.6051328801064859,0.2722698766435625,0.5805501219507805,0.11164663007718134,0.5378048470206832,0.7482837670825782,0.17674093434464688,0.5353104490550332,0.8897584200648938,0.20401772919626837,0.7344340127197879,0.0041645828222398595,0.854434696938144,0.4798566014624678,0.13636126671572257,0.6303904908575176,0.9666584843547165,0.12178970725916294,0.9686714942795586,0.29318012867655696,4.096919965769256
0.24180278330446847,0.6864456632463428,0.5943944327451396,0.10565393373941212,0.8603227794874811,0.6647415063847089,0.14413717571211881,0.6628912372943288,0.5534137040546628,0.1326934249668008,0.9378508663963833,0.7099893071448209,0.5208301625540691,0.1070983943735423,0.35524442297752723,0.412964520757113,0.04023920688726135,0.830514378623857,0.4454990904623194,0.6456678823824117,0.016473680462241846,0.6113058288325758,0.6870180475736893,0.6543766340301423,0.5498573076653193,0.8457789504853632,0.7765048858241853,0.431256576224444,0.9693251525795904,0.09483620296977846,0.24180278330446847,4.4989676981266316
0.6654649898831634,0.0920747587874059,0.9993124974126514,0.5906323560578529,0.8132269874037358,0.9850576112493329,0.9963525586835112,0.6409200456771565,0.31431581045869417,0.43690491535089004,0.37424318779834775,0.6896381298996355,0.21007002368968652,0.8330835083417485,0.7249394545228891,0.5858981901211738,0.8244521279698307,0.08728775018062573,0.44346485704786787,0.36060607793374067,0.6534856416783389,0.6956151008663582,0.9921614941095448,0.8143308458569063,0.03789185411860563,0.8063054028085691,0.05945345925353973,0.17106229017806884,0.03149129531965378,0.41300278517772526,0.6654649898831634,3.8897128577586653
0.08486320381492274,0.4432139882143421,0.02992282472870289,0.6547309313748231,0.17607647675951943,0.2999490781019919,0.25219703829770534,0.2126977929491839,0.013741044625215526,0.6814710110141008,0.44064101666935984,0.6380674262606079,0.34073631212840094,0.3575820833301985,0.5386969710879359,0.47952753449812846,0.16419277824851386,0.4358321086998138,0.8935508251871147,0.03705504583518637,0.08056166209474003,0.43022920089413386,0.1582249488455173,0.6009051591542075,0.6535152633387048,0.1333851133074414,0.9888758114123789,0.7310423276594208,0.48296065257855103,0.8770820021123935,0.08486320381492274,4.156614438055567
0.8142313561231063,0.2132705363087326,0.2819036142175141,0.513015985291118,0.5227316897839661,0.5603418175448,0.6426801867496129,0.8763975984596503,0.6625196268554109,0.7674314636173867,0.09780808548513176,0.850558299846122,0.2635160627763319,0.9928484423448052,0.16700175904485193,0.8498004738797738,0.07466739326971927,0.7405982149065893,0.7858465162896424,0.007284753739625116,0.9143410786450974,0.7672550135039254,0.4275245145414983,0.07304043824772044,0.7633409639577438,0.935484318417053,0.713558654383789,0.5272909850150712,0.32213214916579846,0.3021093718056952,0.8142313561231063,3.6646145935115535
0.08750069692449869,0.8030169505606014,0.3998841944842899,0.8191187921393052,0.11691211595690432,0.17250341281926196,0.32703404132724045,0.49848202284489707,0.30464091630253987,0.9839783840899284,0.34935905688375646,0.16452687881844608,0.17667230310654614,0.8386751386528274,0.4580797055239705,0.5410246532032413,0.42473123503830323,0.09580835327062576,0.8924867912116323,0.0693142548592719,0.7968631190120341,0.07558461154544283,0.8292853404276086,0.523925928727425,0.42785878876428796,0.15597785907445183,0.09858396263284341,0.5685397445475804,0.5833511645840477,0.6266606650769531,0.08750069692449869,4.40639165171262
0.576279777896888,0.4059151874385146,0.7318352984381808,0.06685799519138524,0.35866287752583437,0.4015221959116838,0.647549056624652,0.5446836063419822,0.26892990220816015,0.44780476857830964,0.580964803176067,0.9402752566292101,0.48693025559829917,0.2393299137654875,0.1678622333503863,0.7103051043310707,0.960003443219436,0.6843696502499406,0.26288137299137915,0.890973266839629,0.170044950781574,0.6265613588375895,0.8343041446649971,0.9102936008606197,0.10505789446419045,0.010434675642294389,0.3121643026152775,0.8395139776298176,0.1515589715744352,0.6454046729069797,0.576279777896888,3.694454176647224
0.244811201296939,0.5906362304335833,0.5502020779004234,0.7447032862691796,0.13874816175089477,0.5344481173989132,0.4174289451847384,0.06522694093320336,0.25203563696496867,0.5846254427256337,0.8587641393563342,0.47338534047556247,0.43894549860209764,0.46884951914433337,0.30199824387210517,0.16163052701056335,0.7740950839859763,0.7606227169651422,0.15589175665271704,0.05216110333669022,0.4101316778666715,0.8698381404911604,0.9632508419797592,0.09785052889277424,0.7528224024466423,0.8488439710929981,0.865044446661694,0.9175049295239881,0.47989959954015204,0.945199797631229,0.244811201296939,4.610663075566666
0.8561288456263856,0.6367118438582448,0.8415028315006043,0.2515205075579129,0.2492053478411579,0.22536482556095294,0.09375858094179179,0.32521189092549563,0.6436672403019751,0.6513110492539896,0.8129304383650552,0.32858614016836163,0.7042649211074998,0.5272560187015,0.09846218592412559,0.14808669214297654,0.5832439607219607,0.24358622796586282,0.9761101507517221,0.9508191630731475,0.5036738130428168,0.9606745882430024,0.218598386152565,0.7697986323937731,0.09341319744856125,0.12507591994191058,0.6003801766358048,0.007119384427220599,0.443563288410847,0.4316877273719042,0.8561288456263856,3.0683544071483873
0.08511244549311658,0.8440201636247391,0.5451395655008537,0.7731444765845638,0.754214797079699,0.9106182437280699,0.5133063305168755,0.00040968933541263297,0.3499766787939794,0.27263857653294143,0.22628900427374943,0.39851193135338503,0.06839715638049937,0.15716452720684249,0.9263430655481629,0.20091121266525602,0.20683908850109123,0.1363048719183333,0.4306483713187301,0.29787960413026937,0.19881143619854813,0.021309753084235217,0.6672879166399067,0.34320261886165393,0.7466071176056877,0.6016536800280882,0.15932874257625673,0.8431917890714905,0.9065370295255339,0.6561951846178584,0.08511244549311658,4.425415902962627
0.29754711531167066,0.9823451298315494,0.7331000821529412,0.7519578595047877,0.9547650919683848,0.7643866813963501,0.013108131120784683,0.11203898279657709,0.6772984319159,0.8025914061668158,0.14869632812778566,0.4052625254132606,0.5386564788700505,0.5914807663895209,0.24580964680372175,0.6155212045501585,0.971922941342822,0.36210050833788676,0.10199061656924835,0.5025525289432728,0.16002487571212898,0.4729687553663465,0.0830483764167822,0.08553109898218103,0.6416124629959234,0.23675320872579642,0.9065599812628342,0.18762681429809758,0.6163396311022332,0.7370322546927573,0.29754711531167066,4.194163813177491
0.30723121797091,0.9203040136502723,0.36094382626077637,0.274452873017881,0.36992168729372477,0.6560971984077804,0.8074918079939837,0.560614047278366,0.10038581000314672,0.43485048561428385,0.5245155921694548,0.12031569589057756,0.03241006535337987,0.8372775792340599,0.16707272348577384,0.41120532852270897,0.3280238381935454,0.6510996855997045,0.04928747123190147,0.25433142366237393,0.6230123368109531,0.35500929867773157,0.8407198187002521,0.21638893445430119,0.40206548637016093,0.42678435233082956,0.7112143926454458,0.29456934347072594,0.7744197797328254,0.5916795521737347,0.30723121797091,3.817043584339582
0.4775735672090924,0.7133939578967572,0.7308743888362481,0.2815415449308949,0.009790379553343498,0.9806999883302719,0.4670201464208614,0.26705717726566125,0.4023883811291603,0.934046711864398,0.45823942893087244,0.6431377010129595,0.8122531085470723,0.2436719532318704,0.4700354703531403,0.3214329147055963,0.39063361727079593,0.8068901990308078,0.39517626129337513,0.07915838882342308,0.26536053709783747,0.817955901399186,0.4735051749126439,0.7268049067183485,0.025071415140112907,0.6829831124870347,0.5550129606507208,0.6906912849355958,0.7613075528868973,0.22325576396416713,0.4775735672090924,3.9135542909641168
0.03328371556825782,0.04480535727662238,0.5073608406647072,0.3735475435378478,0.3430046233423787,0.9732263028540282,0.3907764339852796,0.6694833260522627,0.7057677787003455,0.8518996467623112,0.9786718150570874,0.9253254813552801,0.7271318105214288,0.3870084414794517,0.9127754752282542,0.911086411230712,0.130990215932688,0.6326303725001349,0.5494480258407944,0.7053882684364801,0.748997356706177,0.9019268035613548,0.1294247821470873,0.7231607655622377,0.4015890243022683,0.7353540808579795,0.788335534077194,0.14638162031060775,0.32351457839760034,0.95724816037327,0.03328371556825782,5.991197116627948
0.45622378176522493,0.2575099057957154,0.11336940126044037,0.1281688784666135,0.2574654971838737,0.7311539278228562,0.0074877753373118194,0.762173077894662,0.37732133864818773,0.03430366270619223,0.6257682906280619,0.6021107592210766,0.2927825267770492,0.38708376962866564,0.5054112729756841,0.639661525260062,0.05206467399682746,0.4813012005752798,0.9281527319532651,0.7659721637556904,0.709615568484227,0.856147628822235,0.6778426463206194,0.7711658928641353,0.9341947332951739,0.006463008646909962,0.3081064843698007,0.09356927838636486,0.37977257774109163,0.3171450343818911,0.45622378176522493,3.519812401973136
0.556869900103544,0.14451365460846055,0.38447670846813076,0.5917310595512735,0.9599224752829575,0.1479966472638976,0.3962265583307575,0.6879518939011396,0.7723235572506363,0.378638017966763,0.6114825309197663,0.4446801019673199,0.31921484981479475,0.5318793182082096,0.1546088679870311,0.566966407198329,0.4159149626719041,0.10861393968927802,0.45093933308081946,0.554355703469799,0.7907444533074539,0.9570328404684817,0.004115490756071649,0.17240397293364584,0.2785478885258027,0.6952901180373551,0.7701591143219095,0.2419757923925021,0.07066058018120813,0.6925525903014107,0.556869900103544,3.436736084784605
0.7693280465516034,0.2962937083352071,0.38348597864035416,0.9180746503604835,0.04850751777416795,0.14731335482680108,0.9792327958609964,0.9739255074277553,0.2793524660069734,0.031501548986358374,0.5890071150237773,0.30139416794654883,0.710802297418148,0.8691098113912792,0.694403980279599,0.3837965979279031,0.47632689363622704,0.14371288769965063,0.3218623855988445,0.8287720942329084,0.6170829265151725,0.31686305349398025,0.04131221610043667,0.39269076512818146,0.9519047470896383,0.9037230316564366,0.033007034732117635,0.6010117878485428,0.40549456976882836,0.058799539087576624,0.7693280465516034,3.2413648988793415
0.4714013280443434,0.46925639247603756,0.6164840373158443,0.49000827070482345,0.9739502849619481,0.292334505627743,0.5290437546035428,0.18757188522118684,0.4948498596760279,0.48038000911876255,0.6151862120320345,0.7295187977057223,0.9327035795768418,0.5506918383643556,0.502721789744885,0.7895342189253588,0.634456969211699,0.6430124741184908,0.9621605727138266,0.5818567907428983,0.24364894728618858,0.9419648214676167,0.6246982434503532,0.7174292877117633,0.12999247916001,0.6653389981199953,0.8131652950331546,0.07321261309784877,0.3109101837083811,0.1834680079689487,0.4714013280443434,4.336478733642906
0.3056873146465843,0.041475117892640356,0.7892198739593149,0.7395348637509519,0.9487712139342442,0.2925321590167088,0.09059940188932891,0.09607048086358838,0.6517487142827803,0.5347410152959309,0.1849429927588433,0.6524967725739447,0.5919876816682123,0.7016659589712293,0.6860650972450673,0.21912225525011375,0.2940058494645007,0.31633124397073076,0.6455884975135651,0.34676240424119353,0.5442682006764246,0.34779444356768574,0.22400539540922104,0.14385674555932704,0.7941154642509668,0.341001697903365,0.47522703963654933,0.6697395755588714,0.6190145819912828,0.4944233800553962,0.3056873146465843,3.9238848209550445
0.12279547108393951,0.5868689623866555,0.9059241943448434,0.9581865548642989,0.8458659745264554,0.23580310120645487,0.9513274024268407,0.9767708206642839,0.16684307983715652,0.1687571345150377,0.21660837446634118,0.14321622164551306,0.22806112435257764,0.37916064782882,0.8888901867004847,0.3411857542876372,0.6050709108763488,0.4744351870791145,0.25996222009650716,0.6918799176176896,0.200899037303939,0.9127270663161179,0.5205743644959413,0.23439675267799465,0.6854406398404833,0.14608911293058358,0.12508621254749785,0.25905434783159287,0.38548602279016053,0.2140355784372283,0.12279547108393951,4.45114189930325
0.13066720931541476,0.42037838906437697,0.492312205992532,0.17967119337766024,0.40890011793811,0.9834243632456597,0.8322029682846492,0.14686887492184597,0.09486451309096589,0.17615080366891922,0.7505103109097222,0.04398946396931769,0.17041123278147985,0.8289819751526122,0.7585457528002263,0.2905435686012082,0.8324618007340019,0.058107592211393166,0.5469187241365563,0.0003050904052938064,0.8391337650783389,0.2544033756576469,0.18284222273511075,0.20958880850542105,0.65520389613991,0.3930529097762425,0.6135422086548651,0.2443526116556698,0.12307393584163773,0.5577676652595044,0.13066720931541476,3.9636477868672633
0.3761790981753893,0.9157531997736104,0.8314103722668674,0.08790587286979701,0.7147899666104879,0.3250478463634653,0.2049111784840365,0.5705179123281618,0.5074669472576907,0.33786898564347057,0.4886756330690143,0.0694771818792923,0.25650145914784017,0.49337889741967755,0.545178006753309,0.4943006674899266,0.08596585737891815,0.4564545109631921,0.09167229489800044,0.4250718859342365,0.2709472754242489,0.30740966838148953,0.23915457880954827,0.044648278260447816,0.9764774775779261,0.2571583514530493,0.08342026595054841,0.8107874422511056,0.13147819981610853,0.3478972139056149,0.3761790981753893,3.2238698020254986
0.18345223345252937,0.7201815608214606,0.8096429515130235,0.45685936381867476,0.5378051082346572,0.7150268025727059,0.3531883796455926,0.3088526757014709,0.002156736476366272,0.08619995842242612,0.42513605662237075,0.10437131985062487,0.6740632619011603,0.4680627075807937,0.01051003924917504,0.07969849763489667,0.9359030427964169,0.4255051873395236,0.6739595612950772,0.9473873977284095,0.8533022295081057,0.06800015033161344,0.6189305805207311,0.7713968403689626,0.8752528492640523,0.7043123705151769,0.735831350600577,0.08584373332593587,0.8355265601848785,0.7463540968927802,0.18345223345252937,4.644881192203012
0.44734225901702995,0.137008360303862,0.08874317212765725,0.5614751828686999,0.3578111726469827,0.8227840013804272,0.3240863597809782,0.6230253634776839,0.12231693988272518,0.5510565946823311,0.05670021658434554,0.4849408869791296,0.7877676472955254,0.5602054034342299,0.36544914682883645,0.27113839342842183,0.9818321006647858,0.44870795530544516,0.5427259461259532,0.8863232261432518,0.5881127062286083,0.38272264403370626,0.1899552895038088,0.839305526434338,0.15310823264117035,0.21107827176244653,0.1838361252126809,0.9957527530152036,0.6636203438601276,0.6051295403445378,0.44734225901702995,3.741966192278083
0.03573773496053856,0.2195200814645284,0.18314153061033345,0.04397914960682425,0.8515841075729162,0.6864964235207471,0.4001178514237522,0.7831906011460108,0.18104749402983622,0.3712094885924323,0.30717984789123287,0.4645587809656213,0.14937327535522682,0.396005496238542,0.6913609938012929,0.9738007973777587,0.6450110129354989,0.9754029888834949,0.6325017134816104,0.7881710908675702,0.018845622007527596,0.9433258348694038,0.9762844496250347,0.42959988571341656,0.8589700933799871,0.2519204817169608,0.26625302133540596,0.38535445928756884,0.3889752741937149,0.929124565039948,0.03573773496053856,5.2629290222009955
0.4646829741243965,0.7672173873004287,0.5589177345733806,0.7455894648979704,0.3811624149604699,0.5910853483863918,0.2530890338288885,0.9713800072007742,0.11694341651724338,0.9712278129839688,0.6879441377150027,0.023135196351299903,0.7816421462521548,0.11291777293541239,0.8797587672345906,0.876319457495932,0.044726228899846676,0.7542139712805414,0.17638291329996747,0.09515435299961683,0.02404719552208645,0.5535924235322102,0.011015694605531312,0.2748306412876953,0.18542096023403198,0.6224202760243159,0.050483755408255226,0.4473392723197649,0.9112361670453892,0.6049066737942888,0.4646829741243965,3.6299056706401087
