,7,1,5502.734,1545.153,1606.877,232.735,1741.459,3943.968,4683.963,7117.46,5181.828
,7,2,3627.117,2095.906,2289.608,2006.621,2462.725,3640.964,4528.106,4401.115,4066.537
,7,3,2993.489,1156.552,922.717,2009.963,1975.006,4446.392,4029.299,5828.66,4496.039
,7,4,6157.948,1852.078,2137.013,142.468,2137.013,3860.364,4597.883,7505.039,5512.312
,7,5,5176.03,1933.503,2080.745,245.932,2195.619,3984.556,4882.684,6038.339,5150.976
,7,6,1877.377,1536.569,1403.203,3093.223,2438.183,4223.913,3957.281,4103.311,3794.913
,7,7,3997.746,2392.017,2778.05,2085.437,2845.326,3547.195,4444.939,4482.646,4238.975
,7,8,4035.239,2121.715,2317.844,1473.307,2469.417,3753.401,4674.521,4690.347,4390.612
,7,9,3360.42,2234.668,2414.918,2469.844,2632.868,3566.101,4385.005,3552.657,3165.339
,7,10,2101.418,1982.07,2328.131,4395.098,4199.408,4848.226,2590.985,5609.912,4962.418
,7,11,2036.581,1399.993,1164.08,2493.034,2442.148,4615.842,4032.993,4524.079,4286.651
,7,12,6476.037,2581.129,3287.284,713.645,3081.246,3599.693,4392.848,7041.117,5604.07
,7,13,6895.024,2565.061,3362.462,709.937,3399.078,3851.487,4041.034,8032.405,6155.074
,7,14,5835.6,2113.986,2439.214,162.614,2439.214,3900.657,4759.057,6638.729,5451.871
,7,15,6322.286,1890.571,2181.429,145.429,2181.429,3850,4540.143,7467.286,5267.286
,7,16,6735.686,2468.332,2848.075,189.872,2848.075,3570.013,4295.682,7585.033,5758.221
,7,17,4815.285,1932.501,2165.475,165.944,2188.595,3965.25,4990.245,5414.802,5271.904
,7,18,2819.331,1608.454,1489.384,1895.268,2453.513,4454.178,4293.649,4744.995,4512.194
,7,19,5608.452,2043.895,2089.672,331.067,2295.124,3992.395,4649.707,5263.637,3446.108
,7,20,1423.016,2000.83,2204.759,4435.58,3726.783,4477.236,3108.802,4089.287,4118.641
,7,21,1681.281,1713.996,1582.99,3533.987,2621.811,4113.765,3833.181,3209.166,2842.894
,7,22,6015.426,3711.433,5520.103,2507.578,4628.615,2737.725,3776.846,5159.355,5761.801
,7,23,3521.017,2457.556,2754.733,2643.767,2918.4,3487.207,4294.411,3375.672,3031.151
,7,24,3653.074,2251.327,2433.459,2086.058,2635.595,3646.743,4490.558,3767.885,3405.907
,7,25,1347.898,2681.246,4038.487,7025.889,6591.38,5144.26,664.806,6004.393,6218.602
,7,26,1854.842,1585.007,1483.599,3033.365,2945.63,4704.565,3699.421,4507.567,4400.271
,7,27,2286.947,2066,2422.789,4576.211,4372.947,4867.158,2383.368,5440.789,4389.421
,7,28,1926.199,1502.592,1231.282,2652.69,2601.367,4664.244,3953.999,3909.398,3648.146
,7,29,6882.242,2699.398,3434.665,740.938,3221.348,3565.578,4246.832,6933.994,5018.416
,7,30,6952.131,2630.953,3514.391,818.953,3558.461,3850,3931.723,8119.053,6276.891
,7,31,6919.846,2572,3371.308,711.538,3408,3850,4031.692,8028.154,6121.692
,7,32,4874.43,1956.788,2220.905,148.06,2220.905,3952.32,4982.472,5444.162,5322.562
,7,33,6663,2333.5,2692.5,179.5,2692.5,3850,4472,6377,4177
,7,34,6908.515,2515.882,2902.941,193.529,2902.941,3555.382,4233.5,7548.456,5516.809
,7,35,4770.689,1860.052,2102.161,140.144,2102.161,3952.073,4984.718,5433.299,5312.934
,7,36,4803.886,1968.782,2204.899,159.842,2218.665,3959.55,4959.042,4888.881,4756.945
,7,37,1961.904,1511.759,1231.916,2660.12,2609.735,4664.988,3934.41,3844.386,3505.494
,7,38,6095.262,2174.746,2287.057,311.107,2457.025,3949.148,4513.311,5359.557,3102.902
,7,39,828.157,2490.509,3385.371,6275.024,5347.294,4645.924,1817.851,4209.417,4908.944
,7,40,1224.848,2165.062,2277.309,4789.977,3667.665,4221.759,3142.409,2602.349,2439.455
,7,41,1382.931,2005.482,2012.531,4334.701,3250.949,4152.251,3417.066,2682.61,2419.49
,7,42,1894.039,1531.418,1264.169,2733.827,2625.895,4635.133,3934.56,3773.896,3502.277
,7,43,6238.43,4176.084,6544.879,3266.827,5604.476,2622.873,3163.12,5350.128,6379.774
,7,44,6421.299,4491.388,6923.473,3489.978,5661.635,2232.242,3221.88,4003.841,4911.599
,7,45,5024.751,4538.392,6615.15,4872.676,5685.696,2153.063,2899.427,1124.991,1699.245
,7,46,1489.513,2227.638,2349.666,4568.365,3562.447,4088.521,3295.456,2475.159,2259.659
,7,47,4794.665,2708.034,3128.701,2381.639,3217.808,3439.151,4026.168,3765.805,2311.028
,7,48,2691.364,3111.033,4959.294,6684.155,7130.463,4911.855,499.127,6944.487,7039.172
,7,49,990.984,2286.469,3219.821,5693.915,5362.155,5005.478,1769.274,4762.864,5684.75
,7,50,1385.811,2772.904,4207.896,7304.058,6848.689,5174.844,423.987,5948.886,6024.786
,7,51,2473.576,2092.659,2466.585,4453.636,4354.991,4832.065,2422.797,5518.134,4395.885
,7,52,2153.209,2190.489,2727.148,5044.416,4798.664,4919.841,2040.448,5510.693,4611.969
,7,53,2367.836,1749.073,1574.148,3267.145,3181.787,4728.688,3323.638,3723.855,2500.656
,7,54,1916.187,1506.969,1234.704,2658.85,2607.191,4665.359,3946.219,3823.852,3563.955
,7,55,7710.422,5532.124,8654.174,4536.945,7004.174,1650,2347.181,2609.665,2786.505
,7,56,5165.52,2738.265,3206.319,2181.945,3255.357,3446.061,4015.329,4137.002,2497.383
,7,57,7898.124,4746.591,8162.395,4272.285,7944.561,3286.76,1197.976,8825.413,8997.56
,7,58,7864.271,4532.209,8026.726,4183.448,8301.726,3850,744.342,9738.289,9935.67
,7,59,8417.182,5024.399,6681.968,1873.565,6789.613,1507.04,721.14,8682.822,8942.405
,7,60,5386.651,3293.561,5416.087,2552.062,5581.237,3959.85,2735.576,6428.045,7920.294
,7,61,4837.752,1984.256,2238.554,149.237,2238.554,3951.833,4953.34,4885.795,4766.63
,7,62,6579.632,2380.868,2720.921,181.395,2720.921,3850,4422.737,5338.684,3161.421
,7,63,8709.505,5376.963,5838.578,389.239,5838.578,0,668.798,7215.284,7532.147
,7,64,3984.738,1975.254,1940.943,2186.893,3008.975,4422.852,3678.689,4368.443,2529.098
,7,65,585.203,2691.65,3534.758,6758.204,5387.682,4391.439,1771.681,2674.162,3216.289
,7,66,1260.293,2127.817,2187.851,4641.022,3554.637,4222.715,3226.569,2485.009,2281.037
,7,67,6291.688,4630.214,7047.436,3532.488,5771.328,2210.838,3085.135,1748.142,2677.304
,7,68,3647.429,4083.976,5784.187,5606.664,5615.475,2699.654,2555.653,970.274,1473.523
,7,69,5781.887,4992.537,7422.075,5150.905,6276.432,1906.064,2555.585,893.291,1188.791
,7,70,648.835,2426.653,3294.983,5842.671,5505.685,5037.676,1539.92,1618.186,2559.934
,7,71,1229.238,2826.966,4185.816,7398.312,6712.828,5016.445,546.55,5140.697,5215.183
,7,72,1197.274,2831.532,4218.441,7334.848,6880.323,5186.654,343.848,4286.213,4396.7
,7,73,753.832,2760.312,3896.502,6832.446,6421.728,5147.806,674.741,1163.664,1621.024
,7,74,6549.405,5298.65,8034.3,5102.365,6681.077,1748.926,2373.841,1234.914,1395.644
,7,75,7585.553,5603.072,8696.743,4539.783,7046.743,1650,2273.395,1054.474,1265.368
,7,76,7230.947,4892.053,8242.632,4197.842,8517.632,3850,370.105,1850.526,2220.632
,7,77,5152.122,3501.487,5593.533,2605.012,5761.783,3956.751,2499.497,2729.813,4268.556
,7,78,8302,5608.5,5977.5,398.5,5977.5,0,428,2140,2568
,7,79,2331.547,3409.93,5186.609,6640.708,7316.702,4888.853,225.603,1128.016,1353.619
,7,80,461.892,2682.27,3505.236,6589.213,5475.688,4566.567,1620.221,1129.444,1779.847
,7,81,6650.033,5351.794,8125.449,5033.497,6735.569,1736.707,2345.27,871.933,1046.32
,8,1,4346.383,3540.316,5224.694,1924.307,3618.056,2988.962,3113.666,3837.855,3916.052
,8,2,2877.007,3109.066,2546.304,4553.82,3222.151,2478.667,3223.95,5344.993,4521.976
,8,3,4876.031,5344.741,6997.747,2845.11,4540.396,1632.251,1436.42,3569.843,4572.186
,8,4,3485.809,2869.785,6007.655,2188.325,3995.375,3495.093,3220.278,2465.886,2936.95
,8,5,3868.044,2995.242,559.707,139.98,463.077,2260.356,4584.379,6723.725,6746.121
,8,6,4160.125,3548.469,5244.671,2040.821,3507.359,3155.178,3028.484,3877.009,3914.782
,8,7,3427.833,2568.535,5960.078,2578.754,3689.677,4010.83,3108.04,2750.719,3430.132
,8,8,3714.382,2887.097,2700.844,142.15,2842.994,3999.048,4477.751,3597.625,4332.806
,8,9,2911.556,3396.508,2745.092,4806.233,3362.567,2231.581,2945.986,5355.843,4654.798
,8,10,781.903,1420.818,4766.477,5026.194,4222.096,3818.357,3489.113,1703.801,1960.178
,8,11,3386.035,2997.879,1031.755,1942.744,1410.756,2293.254,4109.64,6365.211,6007.377
,8,12,2573.803,3177.798,2896.203,4552.083,2988.526,2953.1,2997.738,5274.632,4450.976
,8,13,624.646,641.43,4640.353,6039.179,3436.284,5146.2,3201.156,2434.33,3226.098
,8,14,2396.916,2498.041,292.344,2484.928,2484.928,3547.792,4583.363,4944.409,4876.885
,8,15,4434.318,5763.557,8635.832,3574.514,5367.024,1319.028,607.608,2255.796,4098.984
,8,16,4752.463,5499.419,7160.454,3024.676,4516.578,1670.319,1223.136,3583.023,4624.638
,8,17,4315.525,5293.983,8404.082,3810.264,5004.099,1921.294,700.548,2516.435,4439.529
,8,18,4797.273,7234.077,6146.943,1725.08,4871.507,958.211,769.08,2804.071,6200.397
,8,19,2348.047,2004.223,6721.183,2656.397,4599.707,3875.718,2825.81,628.803,1393.023
,8,20,2351.275,1881.048,6584.695,2393.216,4174.715,3685.026,3399.35,641.515,1520.317
,8,21,2099.284,1755.312,6259.027,2231.246,3936.906,4110.531,3671.59,978.007,2027.744
,8,22,2848.642,2200.673,3259.785,261.904,3144.92,4555.335,4679.906,2274.055,3431.657
,8,23,3718.489,2864.501,275.222,26.629,251.202,2265.037,4719.292,6786.142,6854.205
,8,24,3613.662,2949.262,111.077,88.862,22.215,2370.769,4638.523,7058.262,7030.292
,8,25,3528.331,2630.064,84.14,67.312,16.828,2451.579,4800.527,6832.861,7022.981
,8,26,3829.724,2953.801,306.925,16.154,323.079,2267.533,4682.958,6820.245,6862.449
,8,27,2657.025,3164.121,1655.09,1324.072,331.018,3577.611,3684.677,6408.102,6157.832
,8,28,3494.917,2851.32,2551.64,134.297,2685.936,4224.632,4487.57,3618.892,4359.374
,8,29,2512.139,1643.304,6459.718,3281.367,3876.904,4758.427,2708.651,1608.644,2695.943
,8,30,2515.615,1547.673,6354.62,3085.79,3550.224,4619.415,3142.667,1624.423,2800.602
,8,31,2348.185,1420.657,6091.927,3039.603,3310.626,5028.969,3315.269,1973.837,3306.38
,8,32,2629.885,1745.154,2506.538,131.923,2638.462,5313.192,4950.846,2492.154,4022.5
,8,33,4321.867,7107.289,4149.229,218.38,4367.609,1570.04,1640.276,2487.236,6805.495
,8,34,1986.324,3812.075,4778.436,6178.655,4505.956,1816.872,1839.391,3527.799,3928.588
,8,35,2652.442,3952.876,3446.328,5229.812,3354.697,2311.714,2240.769,5300.488,4804.334
,8,36,583.839,2830.908,6745.258,8529.494,4726.492,3349.025,709.446,2079.065,4213.627
,8,37,2315.53,5794.69,421.181,3580.039,3580.039,1352.792,2298.1,4625.434,7148.69
,8,38,291.16,1004.141,5283.568,5105.098,4568.966,4023.962,3232.99,654.561,1102.342
,8,39,777.635,2023.443,5320.564,5634.624,4590.446,3295.815,2850.929,1581.533,2166.417
,8,40,312.068,950.497,5180.926,4953.458,4309.826,3905.691,3573.864,707.783,1212.588
,8,41,18.708,649.342,5282.543,4448.998,4115.58,4348.417,3870.884,418.091,1286.004
,8,42,521.952,1020.784,2693.348,3234.007,3524.657,4632.476,4626.004,1620.789,2443.073
,8,43,3571.082,2786.488,161.393,174.921,237.917,2271.786,4743.187,6780.542,6830.364
,8,44,3608.866,2886.77,47.589,404.508,404.508,2290.079,4688.772,6860.802,6810.76
,8,45,2161.811,2619.186,828.326,2678.327,2338.396,3885.703,4246.064,4917.108,4777.782
,8,46,123.061,73.979,5104.903,6336.323,3594.209,5632.959,2894.246,1595.734,2687.045
,8,47,122.608,0,5024.075,6193.072,3348.015,5529.473,3221.087,1607.591,2765.791
,8,48,144.854,0,4906.173,5961.716,3176.723,5786.689,3348.722,1877.042,3156.481
,8,49,199.753,52.469,1115.563,2856.548,2340.256,6376.006,5177.26,2204.355,3897.793
,8,50,1896.581,2084.75,697.843,2499.464,2680.107,3902.127,4705.305,4094.432,4307.616
,8,51,2290.087,2487.638,280.582,2384.95,2384.95,3730.24,4586.264,4905.712,4874.344
,8,52,1874.957,1910.562,281.253,2390.647,2390.647,4257.97,4828.857,4310.305,4692.592
,8,53,3972.39,5560.828,9146.139,3886.145,5740.757,1346.329,246.107,1390.733,3463.593
,8,54,3604.661,5447.085,8372.767,4573.196,5514.533,1307.432,554.836,1996.318,3843.284
,8,55,4169.169,5820.202,9203.645,3839.18,5620.721,1082.639,306.647,1587.892,3764.8
,8,56,3927.382,5892.231,9432.109,3946.287,5680.623,1102.562,193.064,1402.917,3902.414
,8,57,4448.1,6686.268,7995.367,2907.117,5435.974,1010.013,365.541,2022.725,4996.888
,8,58,2810.603,4522.18,2389.176,1911.34,477.835,2568.243,2484.06,6665.032,7096.689
,8,59,4702.966,7361.12,6266.326,1855.924,4855.069,983.756,603.633,2810.241,6248.437
,8,60,3513.985,4552.107,8950.355,4496.427,5223.627,2524.929,247.001,1466.842,3807.938
,8,61,3694.207,4980.673,9296.516,4536.045,5169.087,2005.568,200.585,1455.907,4098.266
,8,62,3567.301,4933.363,9118.479,4522.735,4986.174,2321.185,298.103,1764.935,4575.315
,8,63,4363.951,6965.305,7361.058,2623.204,5197.804,1268.162,268.438,2064.458,5898.52
,8,64,2333.406,5824.009,455.871,3555.132,3592.986,1343.226,2280.076,4604.249,7157.511
,8,65,4318.64,6765.545,2981.333,156.912,3138.245,1030.723,1978.751,3985.682,7687.927
,8,66,549.148,1045.556,5869.71,4559.533,4739.951,4085.694,3015.229,153.352,766.759
,8,67,3136.216,4216.539,8619.781,3651.012,5573.471,2232.041,915.179,608.393,2369.695
,8,68,2241.023,1737.986,3633.403,506.704,3464.851,4760.61,4473.214,1294.943,2610.339
,8,69,616.476,959.047,5766.333,4233.751,4318.487,3891.34,3570.502,182.767,913.837
,8,70,3112.571,4027.361,8428.845,3372.974,5145.865,2110.508,1512.412,620.889,2454.897
,8,71,2241.023,1669.062,3512.785,334.392,3223.615,4674.454,4800.605,1312.174,2696.495
,8,72,3358.702,5238.599,9277.007,3833.363,5533.85,1516.816,590.614,905.896,3479.707
,8,73,825.454,618.693,3154.434,1007.75,1682.665,4015.449,5009.315,1997.163,3399.23
,8,74,124.98,663.524,4295.775,1833.618,1982.708,4839.768,4414.555,1350.044,2673.612
,8,75,2108.158,1610.96,3493.987,352.763,3142.444,4856.876,4877.22,1462.27,2914.234
,8,76,1742.049,1592.311,2636.707,1301.653,3195.33,4733.769,4855.391,1961.592,3065.89
,8,77,3463.84,5200.256,4099.237,284.481,4097.056,2790.318,2725.145,1844.557,5308.497
,8,78,3178.072,2434.826,512.455,96.085,320.284,2532.488,4856.659,6106.602,6407.696
,8,79,3556.232,2682.453,67.165,12.593,41.978,2376.571,4812.429,6834.618,6989.948
,8,80,3634.895,2925.42,0,0,0,2353.97,4706.519,7067.329,7065.533
,8,81,1421.97,1942.748,3397.258,2717.806,679.452,3561.606,3018.372,3984.291,7054.957
,8,82,1038.879,0,2550.129,2040.103,510.026,5339.164,4647.211,3563.08,5417.176
,8,83,3559.146,2663.03,0,0,0,2425.034,4828.343,6876.784,7052.257
,8,84,230.249,0,3766.877,3013.501,753.375,6344.882,3973.564,2923.654,4717.546
,8,85,2599.685,3088.071,1389.516,1111.613,277.903,3696.515,3845.831,6344.123,6179.561
,8,86,2712.339,2641.927,1309.415,1228.233,2400.408,4181.465,4544.49,4267.037,4634.656
,8,87,4200.869,7209.873,4097.696,215.668,4313.364,1640.855,1562.285,2467.754,6895.711
,8,88,3096.016,2797.535,1700.052,89.476,1789.529,4256.006,4554.801,4416.695,5004.788
,8,89,2310.308,1421.256,2455.564,199.872,2633.436,5611.821,4938.41,2136.256,3837.667
,8,90,2261.231,1354.692,2339.923,123.154,2463.077,5693.615,5122.308,2245.692,4021
,8,91,1664.644,1045.223,1644.91,869.443,2421.677,5833.685,5223.204,2360.917,4038.297
,8,92,3041.808,3663.423,3135.731,165.038,3300.769,4112.154,3704.577,2194.923,5093.5
,8,93,4032.099,6839.918,4317.788,256.85,4451.191,1776.748,1735.064,2064.749,6485.356
,8,94,4117.547,7009.096,4156.375,218.757,4375.131,1762.331,1645.383,2222.471,6822.121
,8,95,1872.307,4121.792,5106.439,6370.827,4454.1,1881.084,1470.767,3570.79,4046.443
,8,96,658.083,3472.473,7049.337,8306.051,5268.408,2477.121,568.906,1671.842,3691.35
,8,97,1969.296,5254.746,2368.263,4782.485,4177.358,1397.26,1862.788,3795.375,5910.137
,8,98,2042.283,6386.695,1142.04,4016.311,3572.854,1432.266,1559.027,4564.206,7316.553
,8,99,207.707,2451.109,7135.894,8802.756,4871.042,3676.473,428.848,1444.343,3830.493
,8,100,216.257,2646.981,7290.525,8957.99,4827.226,3396.613,406.241,1437.027,4007.238
,8,101,233.468,2681.887,7235.742,8828.303,4723.719,3553.207,460.782,1628.285,4304.184
,8,102,282.433,3857.067,5815.733,8069.333,4846.133,2990.1,387.333,1701.733,5283.5
,8,103,2307.344,5804.839,428.132,3585.771,3588.579,1347.265,2288.507,4610.619,7151.262
,8,104,2305.407,5824.163,421.337,3581.362,3581.362,1348.567,2277.291,4619.099,7169.407
,8,105,2303.714,5806.692,421.905,3586.192,3586.192,1351.651,2286.307,4609.436,7161.697
,8,106,0,706.957,5473.762,4868.654,4513.339,4231.062,3396.739,172.092,860.459
,8,107,0,683.165,5557.033,5264.711,4672.329,4290.069,3057.518,153.87,769.351
,8,108,0,702.478,4877.709,4595.044,4507.205,4360.077,3467.43,175.597,877.985
,8,109,34.947,1219.999,5774.906,5019.83,4454.758,3857.26,3278.038,340.361,1492.124
,8,110,163.995,3080.508,2358.911,3499.54,4191.83,3457.002,3376.722,988.365,3957.851
,8,111,0,634.864,5388.211,4706.54,4260.357,4131.652,3735.767,189.95,949.751
,8,112,0,558.803,5422.439,5037.407,4264.16,4129.275,3589.824,181.869,909.343
,8,113,0,591.145,4682.877,4316.712,4117.541,4220.912,3996.259,203.43,1017.151
,8,114,93.343,647.128,4291.255,1892.269,2006.583,4838.369,4412.068,1332.53,2648.886
,8,115,43.329,561.39,3417.12,3155.921,3575.492,4852.166,4686.282,751.334,1893.504
,8,116,21.869,627.428,3629.322,3634.039,4031.7,4719.091,4143.224,469.183,1405.559
,8,117,192.772,2634.726,2115.291,3184.813,3963.506,3797.991,3779.271,1094.817,3744.862
,8,118,25.977,531.643,3251.858,3249.294,3656.471,4684.424,4658.187,544.755,1606.773
,8,119,1987.365,3909.636,307.777,2616.105,2616.105,3222.075,3589.753,4668.899,5865.847
,8,120,158.766,5.969,1148.771,2876.663,2351.669,6416.773,5154.893,2136.412,3855.114
,8,121,158.888,0,1125.286,2850.562,2327.364,6412.263,5189.83,2139.684,3866.255
,8,122,160.543,0,1128.376,2842.838,2316.991,6429.919,5193.692,2159.436,3893.842
,8,123,167.974,194.378,1054.238,2850.002,2373.819,6309.411,5103.045,2159.569,4024.451
,8,124,1048.839,749.412,2149.714,403.071,1343.571,4088.271,5327.564,2506.502,3918.594
,8,125,3037.099,2820.092,0,0,0,3233.579,4698.682,6593.669,6719.771
,8,126,303.169,1886.918,315.112,2678.451,2678.451,5208.755,4371.156,2287.422,5322.744
,8,127,1007.739,0,3.65,31.021,31.021,5812.78,5883.865,3682.199,5829.248
,8,128,3792.645,5395.786,9269.792,4039.524,5791.441,1479.807,143.809,1153.829,3320.361
,8,129,3999.327,5720.411,9015.595,3761.89,5731.874,1295.057,226.429,1399.448,3642.327
,8,130,3790.657,6108.148,8016.979,3930.701,5527.389,1111.147,410.403,1901.803,4475.416
,8,131,3744.035,5528.79,9738.628,4354.027,5659.441,1250.519,0,949.367,3607.595
,8,132,4216.131,6237.225,8821.209,3490.742,5613.681,976.274,241.057,1582.645,4230.23
,8,133,3857.467,5872.973,9510.951,4008.567,5691.557,1121.061,149.967,1319.391,3903.932
,8,134,3940.331,5954.827,9367.751,3890.036,5678.123,1085.692,185.633,1406.475,3970.925
,8,135,3967.547,6610.738,5592.234,1119.192,4818.445,1674.485,1366.944,1765.966,5799.287
,8,136,394.223,3365.608,5986.323,4789.058,1197.265,3886.928,735.491,3258.227,7122.498
,8,137,2349.716,6607.852,307.751,246.201,61.55,1909.833,1982.819,6350.694,9600.77
,8,138,2874.79,7666.639,1272.549,66.976,1339.525,1368.253,1367.43,5158.787,9589.659
,8,139,3537.296,5101.059,9393.05,4279.881,5797.173,1755.363,25.324,887.028,3189.638
,8,140,4122.727,6616.81,7603.222,2917.907,5247.936,1497.305,167.321,1788.263,5599.051
,8,141,4182.206,6766.038,7685.721,2909.379,5232.567,1335.065,152.975,1789.175,5705.094
,8,142,3609.969,5727.553,9725.382,4252.011,5662.805,1287.486,26.786,1094.891,3969.065
,8,143,4171.427,6833.25,7568.627,2833.712,5188.604,1386.002,175.802,1883.019,5898.488
,8,144,2652.391,5956.565,6521.678,4704.635,5084.504,1876.174,240.643,1830.087,5902.348
,8,145,4182.284,6923.698,6462.121,1946,4970.162,1513.024,659.174,1963.522,6167.862
,8,146,2718.116,5545.119,1488.036,78.318,1566.354,1817.63,2467.613,3904.782,8988.293
,8,147,3425.361,4894.91,9209.784,4083.667,5780.601,1827.702,259.763,760.504,2906.322
,8,148,3412.616,5003.552,8359.105,3340.25,5586.712,1872.257,699.545,818.412,3154.146
,8,149,1762.14,1478.406,3343.226,966.017,3478.281,4834.749,4557.851,1182.895,2469.856
,8,150,3730.668,5840.016,7938.13,2809.777,5359.917,1371.813,779.886,1077.368,4143.254
,8,151,1517.125,1279.659,3079.374,1036.182,3254.38,4790.263,4914.346,1142.05,2480.398
,8,152,3494.994,5541.272,9548.168,4042.442,5638.281,1340.032,275.537,971.43,3708.837
,8,153,3483.065,5551.86,9068.574,3648.075,5545.093,1399.676,509.465,986.889,3782.353
,8,154,141.666,645.268,4195.495,1775.49,1936.054,4797.638,4462.86,1396.444,2728.868
,8,155,831.972,585.866,2463.13,535.134,1488.598,4205.171,5310.794,2116.645,3619.607
,8,156,97.712,635.18,4257.015,1849.422,1931.209,4878.217,4417.44,1384.468,2720.731
,8,157,1817.7,1455.665,3304.182,361.39,2883.619,4937.399,4943.364,1499.656,2977.502
,8,158,1620.859,1348.436,3200.444,828.43,3165.708,4930.091,4952.145,1342.413,2761.19
,8,159,1204.67,879.47,2658.686,410.436,1940.917,4423.726,5230.168,1944.143,3447.531
,8,160,159.394,2892.639,2147.679,3278.522,4066.772,3630.453,3591.777,1022.776,3907.546
,8,161,3971.92,6890.797,4292.238,255.514,4424.271,1811.978,1696.352,2054.957,6530.077
,8,162,2481.931,6325.392,0,0,0,1892.65,2322.923,6417.196,9540.858
,8,163,1773.829,3884.038,0,0,0,2554.562,3455.162,4639.476,9420.905
,8,164,1020.285,0,0,0,0,5801.375,5887.743,3703.868,5855.479
,8,165,236.657,0,1716.296,1373.037,343.259,6684.509,4973.222,3051.815,5082.806
,8,166,1886.439,6341.663,398.488,3387.146,3387.146,1669.779,1902.207,4418.423,7543.586
,8,167,4037.506,7076.857,4122.32,216.964,4339.284,1809.202,1593.841,2209.499,6881.749
,8,168,2376.026,7035.715,202.621,10.664,213.285,1741.751,1822.523,6121.837,9910.293
,8,169,1893.723,1108.13,1914.043,100.739,2014.783,5925.701,5247.457,2411.935,4269.897
,8,170,1666.529,991.392,1786.922,762.451,2462.078,5908.314,5161.216,2174.039,3924.431
,8,171,1629.686,946.712,1710.233,723.585,2358.815,5960.451,5273.137,2239.511,4034.393
,8,172,1307.729,1204.064,1393.74,1231.86,2488.455,5773.705,5032.499,2221.297,4322.066
,8,173,1603.773,933.067,1693.004,776.237,2387.898,5916.689,5260.938,2181.828,3953.417
,8,174,956.786,4409.208,2528.217,2932.291,4343.525,2756.599,2733.187,1281.985,4968.349
,8,175,506.408,4938.01,428.19,3639.612,3639.612,3011.6,2340.106,2350.986,7310.805
,8,176,1809.478,5788.112,2653.259,4950.591,4081.87,1456.763,1351.664,3874.194,6214.906
,8,177,167.63,2983.678,7563.036,8660.442,5463.378,2894.916,200.796,838.15,3184.97
,8,178,184.614,3147.514,7691.336,8877.924,5316.253,2664.031,207.753,923.069,3507.663
,8,179,195.317,3396.825,7778.217,8668.906,5372.285,2582.187,202.087,976.583,3711.015
,8,180,385.905,4187.418,6192.169,7970.238,5241.191,2380.325,330.08,1449.5,4718.724
,8,181,925.489,4494.21,1544.901,3570.962,4074.157,2439.177,2741.223,2272.188,5460.11
,8,182,2062.528,7030.968,219.043,1861.865,1861.865,1478.703,1621.865,5297.663,9011.397
,8,183,322.425,4671.448,4812.299,7378.563,4766.149,2630.172,350.977,1825.345,6065.161
,8,184,364.867,4614.911,4702.649,7305.112,4759.601,2612.544,444.718,1849.294,6055.463
,8,185,274.623,4294.42,5826.147,7902.723,5111.669,2539.73,277.995,1462.23,5192.385
,8,186,1494.345,4793.544,132.636,1127.408,1127.408,2208.76,2744.611,4071.035,9302.48
,8,187,1612.365,4780.445,3991.737,3026.823,4671.218,2446.42,2199.541,1215.991,4752.188
,8,188,186.231,3245.056,2132.102,3385.023,4160.699,3390.294,3358.933,1050.626,4170.207
,8,189,176.718,3269.977,2128.635,3380.783,4155.131,3393.854,3342.358,1050.066,4190.018
,8,190,238.342,4057.633,4767.737,6503.137,4911.928,2681.675,1193.06,1243.267,4786.283
,8,191,148.407,2632.55,2159.855,3177.67,3976.675,3797.719,3766.261,1015.732,3729.091
,8,192,147.855,2655.886,2163.341,3211.318,4012.218,3778.88,3719.953,998.38,3711.539
,8,193,146.334,2617.839,2153.435,3185.36,3981.088,3789.895,3769.337,996.875,3694.252
,8,194,158.304,2569.961,1961.922,3149.451,3861.392,3945.5,3817.216,1140.51,3897.735
,8,195,2226.329,6945.168,55.242,469.559,469.559,1728.304,1836.366,6050.366,9729
,8,196,258.719,2311.824,322.237,2739.014,2739.014,5029.416,4087.227,2275.795,5600.147
,8,197,1001.9,56.933,227.733,42.7,142.333,5648.367,5837.333,3550.267,5640.2
,8,198,1014.354,0,0,0,0,5810.271,5887.15,3699.717,5851.921
,8,199,2623.279,4571.169,8932.434,5452.609,5754.15,2001.104,54.581,825.509,3136.936
,8,200,3619.043,5305.223,9557.943,4293.462,5783.929,1505.88,0,870.617,3308.344
,8,201,3666.276,5694.766,9766.576,4276.932,5701.457,1211.544,0,996.898,3788.211
,8,202,3846.511,5885.015,9369.39,4013.254,5648.054,1144.79,0,1046.963,3978.459
,8,203,2641.627,5120.641,9214.35,5489.348,5627.96,1582.764,57.487,1013.903,3852.832
,8,204,562.651,6445.419,2136.559,1709.247,427.312,2611.694,639.247,3931.935,10370.737
,8,205,1844.812,7249,0,0,0,1837.062,1553.25,5767.25,10562.813
,8,206,1641.943,7403.567,0,0,0,1848.479,1388.144,5517.835,10837.696
,8,207,1332.593,5569.951,0,0,0,2297.724,2322.439,4507.764,10507.528
,8,208,908.285,4446.877,2507.303,2933.034,4322.67,2784.449,2703.962,1273.905,5001.87
,8,209,555.781,6178.667,0,0,0,3131.24,1851.708,4027.958,10529.365
,8,210,723.822,4643.616,1573.288,3498.151,4017.877,2594.863,2616.507,2120.205,5543.575
,8,211,373.222,5161.679,418.928,3560.891,3560.891,3108.309,2189.02,2313.963,7457.642
,8,212,578.133,6618.821,0,0,0,2857.862,1569.734,4089.855,10895.587
,8,213,281.742,4038.116,1797.922,3577.493,4193.538,2992.154,2853.263,1327.499,5106.264
,8,214,223.905,3801.904,6621.362,8208.274,5336.357,2592.995,216.339,1119.527,4254.201
,8,215,242.308,4041.769,6450.918,8178.386,5258.559,2447.679,222.177,1211.538,4603.846
,8,216,236.432,3988.889,6722.37,8213.346,5294.988,2450.617,216.889,1182.16,4492.21
,8,217,235.086,4114.065,1797.286,3550.049,4167.254,3025.688,2801.783,1312.72,5153.086
,9,1,3975.266,3108.948,4458.76,3378.572,4686.724,3442.466,2260.299,816.974,2952.367
,9,2,3233.418,2627.589,4558.27,3383.617,4297.58,3526.492,1924.462,745.201,2442.446
,9,3,5979.085,3567.607,4316.658,3702.434,4802.62,3810.356,3505.311,984.803,4592.493
,9,4,3593.694,2840.229,4512.18,3601.822,5255.154,3812.218,1934.63,307.345,2462.076
,9,5,5777.453,2563.491,4218.44,2872.12,4386.264,3822.056,3515.386,1596.575,4008.615
,9,6,4080.985,2322.912,4573.236,3720.589,3792.412,4034.594,2651.287,800.758,3291.89
,9,7,147.385,606.41,4974.212,3600.515,3361.169,4165.949,391.622,26.926,118.771
,9,8,6170.543,3921.108,3832.719,3993.002,4397.41,3564.256,3287.734,868.892,4961.105
,9,9,7725.135,3075.572,1219.6,2548.458,1545.431,3889.507,5316.243,4042.399,6478.838
,9,10,7303.266,3032.861,3944.244,2435.528,4157.5,3782.971,4194.628,1775.963,5386.422
,9,11,3750.505,3571.024,4202.697,3930.356,5296.531,2717.184,1411.913,560.021,1700.752
,9,12,4954.796,3143.117,4416.915,3835.406,5362.063,4083.101,2776.08,398.544,3567.643
,9,13,7018.021,2460.789,4085.05,2750.642,4294.67,4069.481,4340.807,1954.222,4854.965
,9,14,6920.071,4837.834,2016.199,4506.043,2763.444,2359.11,3761.904,658.556,5250.708
,9,15,2135.411,1893.808,4707.812,3613.745,4497.185,3980.36,1273.069,161.959,1457.629
,9,16,6282.378,2109.135,4153.101,2821.281,4698.271,4281.671,3819.991,1544.576,4095.272
,9,17,7114.615,2086.78,4040.606,2518.092,4257.935,4188.052,4435.387,2110.441,4742.345
,9,18,3523.439,2154.115,4253.105,3978.386,3057.826,3907.503,2138.188,630.588,3114.848
,9,19,5078.255,1863.75,2493.004,2937.735,1476.493,4110.861,3797.186,2861.417,4444.365
,9,20,1267.165,1147.029,4763.88,3841.905,3062.461,3747.23,886.899,432.567,740.276
,9,21,1022.207,511.855,4956.611,3846.894,3034.753,4515.505,1063.592,120.519,941.495
,9,22,133.64,597.211,4976.085,3603.535,3364.152,4171.837,383.371,19.327,106.299
,9,23,131.069,577.74,4979.113,3609.956,3340.272,4183.632,389.915,20.164,110.905
,9,24,54.717,331.607,4987.08,3565.86,3248.501,4286.956,386.094,37.438,5.76
,9,25,7265.098,4093.64,1720.869,3761.971,2298.839,3313.122,3931.721,2253.024,6334.568
,9,26,10278.272,3965.607,977.002,1935.994,1162.893,2521.955,4171.774,2412.591,8427.477
,9,27,3798.877,3868.653,3789.719,4186.385,4980.549,2454.804,1122.937,440.999,1864.645
,9,28,4960.072,3147.701,4412.332,3837.479,5356.552,4079.99,2776.743,399.593,3574.47
,9,29,6919.886,3781.078,3144.624,3856.737,3663.098,3404.165,3451.615,1220.271,5528.566
,9,30,6919.734,4838.64,2016.813,4507.441,2764.304,2360.283,3758.232,658.016,5253.586
,9,31,9370.033,2425.119,588.107,1008.183,588.107,3862.959,6230.968,5155.719,7519.459
,9,32,5586.578,3028.831,784.551,2667.473,1726.012,2761.039,3324.865,3913.289,3665.139
,9,33,6825.868,2475.803,760.992,2491.972,1606.27,4230.602,4782.1,3912.191,5605.108
,9,34,9000.316,1777.089,816.541,1399.785,816.541,4191.924,6359.568,5294.914,6864.392
,9,35,11283.138,3636.578,617.755,1059.008,617.755,2458.027,4638.338,2971.931,9075.185
,9,36,7400.916,2822.742,3775.762,1979.57,3997.256,3564.06,4067.783,2006.928,5148.822
,9,37,7646,2598.177,3781.462,1808.201,4011.885,3864.81,4303.747,1989.829,5446.722
,9,38,10906.918,3495.516,564.692,968.043,564.692,2044.399,5799.464,2896.456,7656.325
,9,39,1880.572,2366.834,4449.222,3951.35,4326.585,2917.691,554.156,375.568,398.921
,9,40,3222.359,3743.272,3936.444,4134.659,5237.791,2293.355,723.224,385.502,1073.68
,9,41,3943.376,3294.491,2413.906,3360.027,3633.581,2372.999,1689.496,2134.894,1736.917
,9,42,3598.566,3374.933,4265.26,3958.897,5483.387,2999.85,1376.52,350.881,1643.79
,9,43,7010.194,2230.112,4025.218,2574.956,4238.443,4013.356,4304.145,2113.739,4618.211
,9,44,4864.64,3084.14,4429.08,3836.34,5314.72,4093.84,2735.36,389.52,3505.68
,9,45,5199.814,2404.294,4204.618,2954.327,5288.826,4270.092,2753.968,564.573,3400.975
,9,46,4959.135,3149.288,4405.519,3839.442,5352.115,4075.981,2777.115,396.731,3570.577
,9,47,7982.262,2260.901,3215.213,2558.832,3360.781,3873.863,4564.815,2416.78,5573.847
,9,48,9934.551,1868.79,1121.203,1922.063,1121.203,2931.148,6132.759,3342.888,6057.119
,9,49,6912.251,4835.818,2013.891,4508.347,2765.593,2359.521,3755.762,652.877,5242.49
,9,50,380.214,915.564,4868.743,3736.179,3653.2,3937.043,307.229,0,0
,9,51,34.74,409.2,4989.701,3593.766,3309.596,4260.751,352.687,0,0
,9,52,4221.602,725.688,4429.589,2824.035,3590.83,4533.767,2897.473,1357.133,2671.771
,9,53,7624.904,1746.583,3608.551,2275.312,3801.335,4176.024,4601.706,2427.998,5000.518
,9,54,9477.83,410.333,233.999,466.169,280.29,4627.263,6867.403,6201.491,6659.093
,9,55,9574.289,425.344,259.014,444.025,259.014,4608.718,6931.259,6239.968,6733.225
,9,56,8427.287,1290.798,2786.903,1838.702,2931.776,3909.207,5294.549,2900.15,5055.647
,9,57,3525.018,1913.488,3413.616,3875.732,1910,3860.009,2211.909,1187.442,3380.124
,9,58,1037.27,1104.546,4480.699,4046.944,2510.37,3665.194,606.27,321.336,806.055
,9,59,2989.481,1952.678,3707.843,4164.911,2040.48,3565.782,1960.202,479.179,2657.015
,9,60,1769.542,227.369,3508.749,3302.352,1444.779,4559.424,1886.632,1560.32,1783.21
,9,61,211.421,207.474,5000.158,3882.211,2822.105,4381.421,533.842,32.526,178.895
,9,62,472.716,56.8,4783.861,3777.93,2581.925,4630.698,856.009,225.559,566.98
,9,63,478.049,27.037,5012.617,3783.16,2877.086,4651.506,797.901,50.321,452.889
,9,64,1739.009,1147.287,3986.607,4121.682,1922.747,3820.289,1428.359,219.714,1571.106
,9,65,0,269.254,5008.036,3624.161,3176.609,4340.042,379.11,0,0
,9,66,6919.409,4090.283,1652.973,3786.059,2330.946,3129.348,3605.919,2224.961,5881.627
,9,67,7108.086,3931.162,1608.715,3697.946,2277.973,3405.412,3886.905,2305.393,6168.818
,9,68,7435.565,4007.519,1723.614,3735.576,2279.444,3279.192,3910.772,2207.626,6385.285
,9,69,9270.469,3706.373,1397.468,2841.231,1714.654,2828.042,3959.259,2150.806,7468.272
,9,70,1821.341,2672.797,4069.724,4192.219,4124.492,2596.265,172.086,245.578,368.368
,9,71,6254.766,4060.309,1860.425,3854.853,2682.746,2897.015,3035.814,1982.857,5019.59
,9,72,3124.592,4412.454,2642.968,4598.269,4247.833,1175.419,375.165,104.752,559.091
,9,73,7076.804,3910.016,1620.202,3693.109,2300.053,3419.213,3874.099,2295.376,6133.246
,9,74,7631.13,4213.939,1888.068,4075.507,2485.193,2693.728,3771.219,1253.022,5920.125
,9,75,6831.919,4843.128,2002.162,4518.709,2775.554,2308.108,3676.554,639.703,5134.041
,9,76,9720.159,1964.33,0,0,0,3437.239,6135.942,5868.877,7213.331
,9,77,10061.574,1768.228,0,0,0,3982.869,6601.861,5815.796,7834.615
,9,78,5076.801,3486.995,952.378,3238.086,2095.232,2339.748,2413.722,3078.398,3204.858
,9,79,7067.16,1811.873,461.754,1569.963,1015.858,3193.358,4567.825,5109.929,4395.993
,9,80,5857.901,2034.993,1237.835,2636.694,1580.005,4308.222,4226.804,3476.911,4863.384
,9,81,7089.807,3896.444,1586.881,3675.673,2266.929,3425.112,3894.942,2332.039,6145.911
,9,82,6860.489,2419.083,711.495,2419.083,1565.289,4244.752,4799.818,3957.172,5613.281
,9,83,9401.07,1787.176,960.615,1646.769,960.615,3931.446,5920.453,4670.94,6981.623
,9,84,9085.406,991.476,440.534,755.201,440.534,4016.872,6353.251,5997.978,6209.15
,9,85,11806.067,3248.044,0,0,0,1896.222,4410.156,3548.444,8877.4
,9,86,12234.533,3082.672,0,0,0,2422.409,4846.139,3416.898,9587.752
,9,87,10666.901,2620.167,962.46,1649.932,962.46,2997.494,4880.269,3247.474,8037.887
,9,88,9446.017,1988.299,442.073,68.011,476.078,3357.094,5796.185,5442.834,6824.738
,9,89,9674.322,2181.379,2270.253,349.27,2444.888,3481.24,4635.437,2764.398,6943.56
,9,90,9432.668,1748.016,1263.182,194.336,1360.349,4000.66,5841.783,4574.406,7005.267
,9,91,9670.592,2209.388,2097.758,322.732,2259.124,3223.043,5146.402,2764.753,6511.143
,9,92,11354.205,3132.5,0,0,0,1504.196,5677.018,3414.33,7373.259
,9,93,11728.716,2979.415,0,0,0,1968.918,6108.936,3291.316,7971.93
,9,94,2054.978,2993.589,4088.982,4148.571,4633.138,2416.577,185.922,269.852,259.907
,9,95,1263.159,1870.19,4573.497,3985.335,4274.158,3252.436,305.525,118.933,18.297
,9,96,3489.921,3505.216,2740.056,3681.247,4078.593,2155.872,1090.531,1540.573,1255.246
,9,97,2650.57,3952.14,3445.702,4311.337,4994.098,1606.908,191.525,199.507,105.59
,9,98,852.778,284.033,4654.275,3754.907,2767.901,4606.111,1031.188,296.925,818.17
,9,99,2006.794,873.509,4746.689,3532.623,3737.411,4516.266,1394.206,157.154,1414.389
,9,100,718.68,927.18,4822.46,3933.58,3551.14,3970.08,472.32,18.24,164.16
,9,101,4852.849,2174.535,4250.879,2955.198,5106.002,4312.09,2596.846,530.283,3161.472
,9,102,5288.115,2345.676,4043.179,2861.564,5129.009,4284.035,2836.779,718.147,3479.079
,9,103,3194.222,4380.278,2610.944,4595.833,4224.944,1243.222,493.111,70.444,634
,9,104,9978.768,1857.294,1142.87,1959.205,1142.87,3023.267,5936.951,3366.029,6269.876
,9,105,10242.819,1270.248,889.174,1524.298,889.174,3047.163,6375.443,3656.365,5953.652
,9,106,460.714,859.214,4852.643,3856.929,3540.5,3953.143,339.429,0,0
,9,107,8910.521,232.363,494.328,590.999,299.226,4657.791,6528.104,5919.447,6248.401
,9,108,2574.57,0,4615.713,2875.172,3141.663,4681.698,1943.971,879.518,1553.96
,9,109,9614.836,398.738,258.145,442.534,258.145,4598.336,6911.109,6214.017,6739.039
,9,110,10643.683,939.086,1318.149,202.792,1419.545,3672.334,5161.277,3678.379,7134.113
,9,111,9338.93,422.655,124.31,422.655,273.482,4635.391,6727.562,6130.216,6585.892
,9,112,9935.732,644.088,0,0,0,4450.282,6941.231,6308.157,7171.651
,9,113,9682.378,372.231,260.562,446.677,260.562,4516.765,6937.196,6111.164,6656.335
,9,114,11424.806,0,81.009,12.463,87.241,3139.509,6953.463,4425.204,6136.093
,9,115,945.118,164.818,3949.127,3716.826,1626.111,4476.458,1120.066,787.436,1198.214
,9,116,1033.576,1118.707,4091.546,4159.669,1919.713,3474.934,703,265.161,827.555
,9,117,6037.265,0,1653.511,1556.246,680.858,4687.871,4694.392,4266.812,4368.291
,9,118,389.824,568.147,4907.088,3915.206,3199.618,4136.118,432.353,13.412,73.765
,9,119,125.561,77.268,5014.122,3855.415,2794.366,4446.146,509.122,19.317,106.244
,9,120,601.127,656.063,4210.576,4117.747,1851.589,3774.38,703,92.481,508.646
,9,121,440.142,0,4971.766,3777.822,2808.799,4656.659,791.242,79.766,442.053
,9,122,579.7,169.112,4139.673,3896.162,1704.571,4299.259,949.715,339.055,719.887
,9,123,456.147,0,5012.167,3768.426,2865.496,4657.469,783.984,48.016,432.14
,9,124,385.846,0,5016.846,3789.538,2853.308,4630.154,735.231,40.615,365.538
,9,125,0,142.154,5016.846,3688,3036.077,4406.769,410.308,0,0
,9,126,6097.45,3889.429,1379.945,3620.49,2273.242,2754.967,3010.613,2488.702,4718.17
,9,127,5557.832,4842.037,1757.409,4618.368,2900.426,1619.182,2478.056,512.648,3455.187
,9,128,7019.732,3870.899,1626.081,3692.138,2268.227,3426.892,3849.658,2292.21,6093.872
,9,129,7131.177,3926.102,1612.081,3696.784,2276.404,3399.148,3885.818,2298.955,6178.939
,9,130,727.467,1122.361,4716.215,3979.646,3571.843,3741.547,330.394,39.942,59.912
,9,131,2346.084,3767.191,2980.983,4525.404,3991.657,1474.551,78.506,77.258,115.888
,9,132,4089.318,4623.151,2275.948,4640.568,3706.108,1300.008,1210.903,206.077,1674.533
,9,133,2712.527,4169.297,2693.446,4602.081,4066.662,1196.486,174.351,62.324,242.27
,9,134,2937.535,4408.419,2620.602,4606.558,4276.44,1065.153,230.599,72.344,282.263
,9,135,1887.366,2869.046,2870.141,4542.278,2523.613,1924.507,417.57,70.803,389.415
,9,136,5570.136,4877.455,1722.818,4588.545,2886.818,1479.545,2386.364,421.909,3356.182
,9,137,5570.529,4852.12,1768.381,4648.445,2919.419,1550.247,2442.139,418.767,3388.39
,9,138,9619.752,1609.047,0,0,0,3507.523,6175.332,6047.678,6880.832
,9,139,1107.226,252.495,3858.152,3705.284,1642.528,4459.416,1197.24,842.952,1322.261
,9,140,12131.663,1485.307,0,0,0,3048.576,5277.427,4048.176,8682.365
,9,141,11502.022,0,0,0,0,3102.391,6999.522,4457.174,6174.565
,9,142,2541.034,3882.016,3459.8,4312.707,4937.383,1618.186,141.007,188.607,29.016
,9,143,1074.36,1605.48,4641.2,3973.48,4069.84,3432,319.56,88.92,13.68
,9,144,2838.417,4289.667,2831.417,4531.167,4466.167,1190.917,201.333,101,199.833
,9,145,2851.091,4187.851,2656.201,4599.253,4081.422,1250.974,314.364,40.805,367.247
,9,146,2958.23,4402.582,2615.549,4605.762,4270.992,1082.344,258.557,67.279,307.639
,9,147,8061.791,0,778.64,732.838,320.617,4703.86,5986.073,5496.147,5650.567
,9,148,10377.868,336.769,0,0,0,4339.556,6714.349,6013.885,7220.454
,9,149,11306.407,0,0,0,0,3295.296,7015.778,4711.852,6248.259
,9,150,2275.294,3645.633,2654.495,4617.725,3303.862,1389.495,205.734,31.541,173.477
,9,151,2549.939,3957.184,3269.98,4383.633,4742.102,1490.449,120.551,152.02,23.388
,9,152,2424.176,3816.387,2601.943,4630.854,3447.609,1299.866,220.156,33.65,211.029
,9,153,2947.396,4415.567,2604.163,4609.228,4260.534,1054.745,241.513,71.649,285.45
,9,154,2143.842,3334.472,2502.73,4628.679,2684.088,1476.977,301.184,46.625,256.437
,9,155,2224.521,3515.7,2550.221,4629.371,2992.314,1404.236,247.407,37.729,207.507
